OpenTime,Open,High,Low,Close,Volume
1759453800000,120221.9,120293.68,120166.95,120208.74,0.83013
1759454100000,120208.74,120283.91,120063.24,120140.44,0.4032
1759454400000,120140.43,120175.62,120005.55,120058.48,0.85654
1759454700000,120022.86,120150.05,120022.86,120150.05,0.44074
1759455000000,120129.51,120163.5,120071.01,120159.77,1.4668
1759455300000,120159.78,120159.78,120030.95,120083.56,0.27182
1759455600000,120083.55,120124.05,120080.25,120100.1,0.3717
1759455900000,120100.09,120100.1,120021.49,120021.5,0.24862
1759456200000,120021.49,120040.01,119840.03,119895.99,0.82138
1759456500000,119896.0,119952.28,119839.41,119890.0,0.2254
1759456800000,119890.0,119980.78,119866.18,119980.78,1.81888
1759457100000,119987.99,120012.22,119958.3,119993.03,0.87168
1759457400000,119993.04,120120.0,119993.03,120092.0,1.25689
1759457700000,120091.99,120170.0,120091.99,120121.28,1.82735
1759458000000,120121.28,120121.29,119988.62,120040.18,1.2988
1759458300000,120040.17,120040.18,119974.89,119985.8,0.86626
1759458600000,119985.79,120000.0,119966.08,119986.45,0.92478
1759458900000,119986.45,120083.71,119934.34,120083.71,0.48798
1759459200000,120057.88,120100.0,120036.54,120076.5,0.33963
1759459500000,120076.49,120105.05,120038.07,120081.0,1.32548
1759459800000,120081.0,120117.8,120053.71,120095.29,0.91854
1759460100000,120095.29,120269.11,120095.29,120157.82,1.07721
1759460400000,120157.82,120374.72,120157.82,120374.71,0.5292
1759460700000,120374.71,120472.12,120363.2,120374.71,1.23825
1759461000000,120374.72,120374.72,120289.45,120289.45,1.94528
1759461300000,120289.45,120346.18,120266.78,120300.58,0.53419
1759461600000,120300.58,120407.3,120300.57,120324.42,0.62128
1759461900000,120324.42,120324.43,120184.53,120184.53,0.34568
1759462200000,120184.54,120236.87,120173.77,120236.87,0.63483
1759462500000,120236.87,120407.54,120236.87,120385.34,1.49554
1759462800000,120385.34,120385.34,120328.18,120343.41,0.5907
1759463100000,120343.41,120343.42,120319.55,120319.56,0.104
1759463400000,120319.55,120319.56,120261.17,120305.39,0.60546
1759463700000,120312.58,120312.58,120206.95,120225.88,0.78768
1759464000000,120225.88,120248.99,120182.95,120226.94,0.75868
1759464300000,120226.94,120306.5,120202.28,120228.28,0.41035
1759464600000,120228.28,120262.78,120222.65,120259.99,0.26968
1759464900000,120260.0,120300.0,120241.39,120241.39,0.68971
1759465200000,120241.4,120286.23,120212.01,120240.0,0.31143
1759465500000,120239.99,120246.36,120174.29,120200.0,0.68624
1759465800000,120200.0,120200.01,120099.13,120121.12,0.50315
1759466100000,120121.12,120121.12,120020.0,120020.0,0.30938
1759466400000,120017.99,120039.82,120000.4,120027.23,0.25749
1759466700000,120027.24,120165.0,120027.24,120163.5,1.44953
1759467000000,120155.63,120155.63,120079.61,120079.61,0.20711
1759467300000,120079.62,120079.62,120038.14,120039.98,0.85315
1759467600000,120039.97,120065.41,119950.0,119950.0,0.96351
1759467900000,119946.65,120007.0,119946.64,119957.0,0.48351
1759468200000,119957.01,120022.0,119950.87,120022.0,0.16048
1759468500000,120021.99,120049.63,119972.67,120024.23,0.28713
1759468800000,120024.23,120033.0,120000.9,120022.3,0.24775
1759469100000,120022.3,120034.84,119991.37,120019.24,0.61985
1759469400000,120007.55,120019.2,119968.5,119987.53,0.32119
1759469700000,119987.54,119987.54,119900.0,119909.17,1.23048
1759470000000,119907.78,119907.78,119839.94,119849.71,0.53423
1759470300000,119849.72,119849.72,119818.64,119828.85,0.49426
1759470600000,119823.73,119894.0,119760.39,119894.0,10.51011
1759470900000,119893.99,119935.1,119893.99,119920.4,2.11121
1759471200000,119920.41,119920.41,119786.62,119909.23,0.83753
1759471500000,119909.22,119951.54,119908.98,119920.41,0.51309
1759471800000,119920.42,120075.62,119920.41,120045.13,0.26244
1759472100000,120045.13,120055.91,120000.62,120011.47,0.20943
1759472400000,120011.48,120035.32,119970.81,119970.81,0.26894
1759472700000,119970.81,119992.46,119970.81,119979.8,0.12737
1759473000000,119979.8,120020.95,119968.07,119968.07,0.97446
1759473300000,119968.08,119997.0,119968.05,119986.93,0.34444
1759473600000,119986.92,119986.93,119915.77,119927.34,0.09279
1759473900000,119927.34,119927.35,119741.48,119902.99,0.61058
1759474200000,119902.98,119902.99,119765.99,119847.09,1.48494
1759474500000,119846.68,119916.94,119832.85,119916.94,0.22795
1759474800000,119916.93,120011.05,119914.06,119914.07,0.67941
1759475100000,119917.77,119917.77,119800.0,119800.01,1.29968
1759475400000,119819.99,119888.28,119819.98,119872.37,1.13158
1759475700000,119872.36,119891.65,119855.01,119855.01,2.06447
1759476000000,119855.0,119862.17,119804.7,119821.28,1.46527
1759476300000,119821.28,119846.71,119794.75,119794.75,0.21869
1759476600000,119794.75,119817.94,119766.65,119772.54,0.67644
1759476900000,119774.41,119774.41,119655.22,119655.22,0.3107
1759477200000,119658.85,119720.0,119628.48,119641.31,2.0911
1759477500000,119641.3,119740.0,119641.3,119739.7,1.09476
1759477800000,119739.69,119741.19,119643.94,119643.94,1.11002
1759478100000,119635.71,119685.65,119630.41,119643.94,1.0218
1759478400000,119641.01,119732.07,119641.0,119690.34,0.36608
1759478700000,119707.84,119720.0,119599.99,119600.47,0.31318
1759479000000,119600.46,119600.47,119498.74,119498.74,0.22085
1759479300000,119498.75,119498.75,119249.99,119294.02,1.13489
1759479600000,119329.4,119535.06,119329.39,119512.0,1.18745
1759479900000,119512.0,119648.17,119512.0,119647.05,0.92953
1759480200000,119647.06,120412.37,119647.06,119776.12,1.53711
1759480500000,119776.12,119910.14,119776.12,119861.0,0.7112
1759480800000,119847.42,119904.98,119811.76,119862.18,3.281
1759481100000,119859.17,119900.0,119859.1,119862.37,0.53169
1759481400000,119863.27,119941.4,119843.55,119932.85,0.90057
1759481700000,119930.5,120040.67,119927.07,120040.66,0.31451
1759482000000,120038.61,120138.5,120038.6,120078.49,0.58994
1759482300000,120078.48,120199.9,120054.48,120142.87,1.77835
1759482600000,120131.43,120131.43,120051.0,120069.43,1.37259
1759482900000,120069.43,120069.43,120008.6,120011.76,0.13565
1759483200000,120010.97,120310.96,120010.96,120287.95,0.78895
1759483500000,120287.95,120356.13,120271.54,120291.27,0.43388
1759483800000,120291.26,120325.64,120183.75,120195.77,1.20435
1759484100000,120200.0,120200.0,120163.47,120180.68,0.0464
1759484400000,120180.69,120226.33,120173.0,120192.87,0.20648
1759484700000,120192.88,120284.68,119967.87,120284.68,0.70336
1759485000000,120287.68,120313.88,120270.0,120313.87,0.5372
1759485300000,120313.88,120331.72,120300.0,120300.01,0.27088
1759485600000,120300.01,120317.19,120271.18,120293.25,0.52116
1759485900000,120293.25,120361.65,120293.25,120326.99,0.61662
1759486200000,120327.0,120338.44,120324.33,120338.44,0.21046
1759486500000,120338.44,120473.12,120338.43,120473.12,0.50373
1759486800000,120478.01,120478.01,120341.1,120397.01,0.29736
1759487100000,120389.52,120515.89,120379.41,120468.26,2.59183
1759487400000,120468.27,120468.27,120375.73,120375.73,1.96426
1759487700000,120375.73,120393.85,120350.84,120393.84,0.69666
1759488000000,120393.84,120588.57,120393.84,120505.15,0.56927
1759488300000,120505.14,120505.15,120412.68,120412.68,0.50164
1759488600000,120412.69,120476.55,120412.68,120476.54,0.28843
1759488900000,120476.55,120497.62,120425.95,120425.95,0.05116
1759489200000,120425.96,120463.76,120420.0,120443.56,0.29414
1759489500000,120443.57,120443.57,120343.81,120374.55,0.68415
1759489800000,120374.56,120374.56,120282.65,120289.01,0.30921
1759490100000,120289.0,120289.01,120130.76,120130.77,0.79776
1759490400000,120165.83,120336.94,120165.82,120336.93,1.50896
1759490700000,120328.99,120362.57,120270.0,120270.0,1.38942
1759491000000,120270.01,120298.88,120204.0,120216.6,1.50294
1759491300000,120217.66,120297.78,120190.42,120273.12,0.5318
1759491600000,120273.12,120464.08,120273.11,120349.6,0.6602
1759491900000,120349.61,120349.99,120327.77,120349.99,0.21896
1759492200000,120349.99,120448.62,120349.99,120405.21,0.71114
1759492500000,120405.22,120405.22,120334.5,120334.5,1.83338
1759492800000,120334.5,120387.01,120334.5,120371.43,0.73607
1759493100000,120369.92,120370.78,120269.1,120269.1,0.76403
1759493400000,120292.03,120383.22,120292.03,120366.11,0.99697
1759493700000,120366.12,120399.83,120293.49,120293.49,0.80688
1759494000000,120293.49,120299.0,120246.98,120298.99,1.39838
1759494300000,120298.98,120319.02,120219.67,120219.67,1.32497
1759494600000,120219.68,120300.76,120120.01,120120.01,1.75068
1759494900000,120120.01,120232.68,120114.2,120232.68,0.22402
1759495200000,120239.0,120287.19,120224.51,120287.19,0.36109
1759495500000,120259.06,120351.43,120250.5,120251.74,2.04994
1759495800000,120261.01,120365.0,120253.27,120361.51,0.23729
1759496100000,120361.51,120384.65,120340.98,120358.08,0.33203
1759496400000,120358.08,120358.08,120201.64,120203.85,2.30935
1759496700000,120203.84,120259.33,120053.17,120245.31,1.65715
1759497000000,120245.31,120286.1,120242.57,120286.09,0.36226
1759497300000,120286.09,120374.72,120225.2,120321.81,0.7804
1759497600000,120321.82,120465.64,120321.81,120427.01,0.95775
1759497900000,120427.0,120545.0,120427.0,120529.7,0.94027
1759498200000,120529.69,120599.0,120315.05,120454.93,3.6653
1759498500000,120454.93,120614.66,120247.99,120426.99,2.03874
1759498800000,120437.18,120454.45,120112.81,120288.32,1.79005
1759499100000,120289.78,120473.14,120289.78,120473.14,2.05678
1759499400000,120473.14,120547.0,120374.71,120396.0,0.8887
1759499700000,120403.55,120517.84,120374.71,120387.9,1.57956
1759500000000,120374.73,120618.04,120149.09,120382.43,1.75924
1759500300000,120393.99,120394.58,120195.41,120208.39,2.6562
1759500600000,120228.83,120344.6,120138.58,120138.59,0.70715
1759500900000,120146.55,120146.56,119924.0,119983.2,3.39903
1759501200000,119983.21,120293.02,119919.0,120241.25,2.17833
1759501500000,120270.17,120462.87,120270.17,120448.89,1.10771
1759501800000,120448.88,120480.32,120343.67,120389.99,1.10385
1759502100000,120390.0,120680.35,120390.0,120670.01,1.82
1759502400000,120680.0,120707.0,120611.19,120642.99,0.41649
1759502700000,120643.0,120924.0,120643.0,120835.67,1.45733
1759503000000,120835.67,120967.98,120797.14,120947.69,0.69158
1759503300000,120954.6,120954.61,120839.0,120876.92,0.20583
1759503600000,120919.66,120919.67,120707.28,120707.28,1.83232
1759503900000,120704.43,120850.0,120668.73,120736.68,0.95702
1759504200000,120761.23,120823.95,120654.79,120823.94,0.40662
1759504500000,120841.55,121346.7,120841.54,121260.84,2.11241
1759504800000,121247.94,121456.26,121247.94,121377.73,0.7082
1759505100000,121377.72,121377.72,121235.0,121312.32,0.44352
1759505400000,121293.73,121752.62,121293.72,121752.62,3.3124
1759505700000,121752.62,121780.0,121657.31,121742.93,1.60357
1759506000000,121742.92,121755.43,121645.6,121691.69,0.40469
1759506300000,121691.68,121922.87,121653.68,121799.98,0.59149
1759506600000,121799.98,122064.81,121792.61,122042.18,0.99638
1759506900000,122042.18,122340.08,121939.99,122258.05,4.95703
1759507200000,122258.04,122861.54,122258.04,122760.0,3.41022
1759507500000,122759.99,122938.16,122636.83,122858.61,0.81621
1759507800000,122822.44,123288.04,122822.44,123094.75,1.20135
1759508100000,123094.75,123300.0,123015.34,123085.89,2.0764
1759508400000,123062.65,123442.44,122910.66,123434.51,3.01948
1759508700000,123434.9,123801.5,123434.89,123680.73,3.72693
1759509000000,123680.74,123847.53,123561.72,123758.02,1.24446
1759509300000,123758.02,123869.85,123666.1,123750.12,1.34055
1759509600000,123750.11,123797.0,123734.55,123761.63,0.51516
1759509900000,123761.64,123769.08,123108.36,123108.37,1.3703
1759510200000,123108.36,123235.95,122856.57,122856.57,1.01779
1759510500000,122856.58,122993.01,122531.34,122537.7,0.83987
1759510800000,122537.71,123211.44,121740.07,122003.18,2.19224
1759511100000,122003.19,122733.0,121855.37,122733.0,1.65209
1759511400000,122732.99,123047.01,122504.85,123019.17,2.32083
1759511700000,123019.16,123019.17,122336.62,122406.65,2.72505
1759512000000,122406.66,123769.07,122293.62,122475.99,1.22114
1759512300000,122935.87,122935.87,122445.87,122535.48,1.0714
1759512600000,122509.0,200000.0,120137.63,122684.4,5.17647
1759512900000,122684.39,122939.0,122664.23,122933.72,2.27558
1759513200000,122933.72,122961.9,122579.78,122579.78,0.91792
1759513500000,122579.79,122601.0,122150.64,122150.65,2.25353
1759513800000,122150.64,122254.86,121693.75,121693.76,1.4077
1759514100000,121693.75,122207.65,121693.75,122072.31,0.84132
1759514400000,122072.3,122106.93,121697.09,121796.1,2.50261
1759514700000,121796.11,121850.59,121486.93,121821.49,2.35792
1759515000000,121821.5,122425.44,121821.49,122020.55,2.51129
1759515300000,122020.56,122287.95,122020.55,122287.95,0.52182
1759515600000,122287.94,122481.33,122223.39,122479.0,0.65882
1759515900000,122479.0,122580.0,122453.65,122483.75,0.54143
1759516200000,122483.74,122585.22,122225.91,122492.14,0.76786
1759516500000,122492.15,122701.76,122492.14,122659.15,3.06643
1759516800000,122659.15,122692.99,122580.85,122649.3,1.61597
1759517100000,122649.31,122720.0,122431.25,122431.26,1.54125
1759517400000,122431.25,122483.31,122357.8,122445.48,1.75006
1759517700000,122441.16,122536.92,122403.63,122536.91,0.42917
1759518000000,122538.46,122592.43,122362.8,122374.71,1.58554
1759518300000,122374.72,122469.6,122356.6,122458.59,1.50815
1759518600000,122514.26,122580.86,122428.23,122447.12,1.92615
1759518900000,122447.11,122717.0,122447.11,122665.27,1.55562
1759519200000,122665.26,122687.31,122543.78,122581.0,0.48888
1759519500000,122581.01,122819.12,122581.0,122819.11,0.63423
1759519800000,122787.67,122951.48,122787.66,122876.06,0.70806
1759520100000,122876.05,151011.77,122671.2,122671.2,3.9144
1759520400000,122671.2,122831.0,122671.19,122763.0,2.19658
1759520700000,122762.99,122777.64,122572.78,122665.8,2.0156
1759521000000,122665.8,122741.51,122611.21,122716.99,0.53389
1759521300000,122700.0,122700.0,122595.85,122660.99,0.53106
1759521600000,122661.0,122661.0,122292.18,122348.63,1.18222
1759521900000,122348.62,122465.0,122159.68,122165.12,0.72056
1759522200000,122165.11,122168.0,122037.43,122097.21,1.54893
1759522500000,122097.22,122496.3,122097.21,122190.52,1.16962
1759522800000,122190.53,122266.0,122170.26,122185.18,7.47806
1759523100000,122195.85,122227.97,122099.51,122149.99,1.00703
1759523400000,122150.0,122418.01,122149.99,122279.09,0.70934
1759523700000,122279.1,122429.0,122276.21,122428.99,0.34565
1759524000000,122429.0,122673.4,122371.94,122673.4,1.90699
1759524300000,122673.4,122707.95,122510.73,122607.9,0.40341
1759524600000,122607.91,122607.91,122513.71,122549.14,0.46907
1759524900000,122549.13,122552.03,122415.77,122439.85,0.34697
1759525200000,122439.86,122443.98,122373.84,122431.25,0.311
1759525500000,122431.26,122431.26,122336.53,122367.98,0.53914
1759525800000,122367.97,122438.84,122367.97,122438.84,1.23936
1759526100000,122438.84,122451.82,122276.5,122276.5,0.43405
1759526400000,122288.44,122336.55,122288.43,122316.38,1.21901
1759526700000,122316.39,122337.2,122291.65,122291.65,0.30989
1759527000000,122291.66,122357.02,122218.43,122222.95,0.60734
1759527300000,122222.94,122222.95,122112.92,122179.9,0.32343
1759527600000,122179.89,122179.9,122063.68,122135.07,0.40678
1759527900000,122135.08,122181.67,122114.27,122114.27,0.32948
1759528200000,122114.28,122316.49,122014.67,122316.48,2.56098
1759528500000,122316.49,122380.46,122288.21,122306.57,1.0813
1759528800000,122306.56,122403.45,122306.56,122403.45,0.31915
1759529100000,122403.44,122449.37,122356.78,122449.36,0.18172
1759529400000,122449.37,122454.69,122391.31,122454.68,1.55596
1759529700000,122454.69,122534.23,122431.25,122500.23,0.51328
1759530000000,122500.24,122500.24,122462.66,122481.12,0.30542
1759530300000,122481.12,122481.14,122480.06,122481.14,0.13724
1759530600000,122481.14,122508.84,122481.13,122505.46,1.14047
1759530900000,122505.46,122621.43,122505.45,122621.43,0.45641
1759531200000,122621.42,122665.0,122585.06,122592.02,0.88243
1759531500000,122584.0,122599.0,122567.0,122597.99,1.45204
1759531800000,122598.0,122598.0,122465.45,122465.45,1.12524
1759532100000,122465.45,122477.0,122447.83,122476.99,0.22376
1759532400000,122477.0,122477.0,122408.1,122408.1,0.1685
1759532700000,122408.1,122408.11,122372.47,122372.47,0.27701
1759533000000,122372.47,122372.47,122283.01,122325.6,0.46726
1759533300000,122325.6,122338.78,122283.0,122336.94,0.35053
1759533600000,122336.94,122358.43,122072.16,122338.81,1.28975
1759533900000,122338.81,122338.81,122285.37,122285.37,0.43736
1759534200000,122277.06,122277.06,122196.69,122275.56,2.17847
1759534500000,122275.56,122324.02,122257.46,122324.01,1.32618
1759534800000,122324.02,122332.68,122300.98,122300.98,0.69357
1759535100000,122300.99,122315.37,122083.04,122241.12,0.34103
1759535400000,122241.12,122258.69,122182.66,122182.67,0.2785
1759535700000,122182.66,122225.44,122180.79,122225.43,0.47838
1759536000000,122225.44,122260.0,122074.06,122110.69,1.40074
1759536300000,122110.7,122246.97,122110.69,122231.61,4.38857
1759536600000,122231.61,122241.0,122180.22,122180.22,5.42384
1759536900000,122180.21,122235.48,122179.2,122218.99,0.25446
1759537200000,122219.0,122295.55,122218.99,122295.55,0.57409
1759537500000,122295.56,122295.56,122177.2,122185.32,0.29316
1759537800000,122168.46,122181.74,122019.52,122061.27,0.71869
1759538100000,122060.01,122099.04,121999.08,122021.73,0.60614
1759538400000,122021.74,122093.02,122008.6,122055.16,0.28398
1759538700000,122055.15,122088.33,121993.26,121993.26,0.46266
1759539000000,121993.26,122075.5,121993.25,122054.09,0.27839
1759539300000,122054.1,122099.0,122028.0,122099.0,0.28751
1759539600000,122098.99,122103.24,122035.0,122064.13,0.68472
1759539900000,122064.13,122100.0,122020.0,122100.0,0.25876
1759540200000,122099.99,122100.0,122020.87,122089.99,0.45492
1759540500000,122090.0,122091.83,122020.0,122082.99,0.34529
1759540800000,122082.99,122336.38,121995.24,121995.26,0.56438
1759541100000,121995.25,122005.51,121960.0,121960.0,0.20519
1759541400000,121960.01,122029.16,121884.44,122029.16,0.86702
1759541700000,122029.15,122029.16,121890.77,121941.78,0.44848
1759542000000,121952.63,121952.63,121859.89,121866.62,0.26599
1759542300000,121883.96,121901.67,121787.14,121787.14,1.03637
1759542600000,121767.71,121793.97,121706.65,121706.65,0.28627
1759542900000,121700.01,121854.48,121700.0,121854.47,0.29011
1759543200000,121854.48,122019.99,121854.47,121960.01,0.29344
1759543500000,121960.02,122227.97,121960.01,121966.81,2.00201
1759543800000,121966.81,121999.0,121807.92,121865.82,1.34738
1759544100000,121865.83,121886.0,121686.66,121762.45,0.63146
1759544400000,121740.55,121858.94,120365.17,121770.2,2.85861
1759544700000,121737.2,121800.0,121737.19,121800.0,0.3944
1759545000000,121805.06,121841.1,121699.99,121740.76,0.38881
1759545300000,121740.75,121748.35,121684.97,121734.79,0.46807
1759545600000,121732.47,121782.54,121708.78,121752.63,0.46318
1759545900000,121752.62,121818.6,121724.0,121775.86,0.27492
1759546200000,121789.54,121950.09,121789.54,121950.09,0.91528
1759546500000,121950.08,121950.09,121825.5,121840.0,0.25341
1759546800000,121839.99,121873.13,121839.99,121844.01,0.39126
1759547100000,121844.0,121880.04,121844.0,121871.99,0.08976
1759547400000,121871.98,121887.0,121846.02,121886.99,0.26086
1759547700000,121887.0,121969.09,121886.99,121943.09,1.0984
1759548000000,121943.1,122000.0,121943.09,121999.99,0.07799
1759548300000,122000.0,122062.53,121999.99,122051.16,1.59461
1759548600000,122051.15,122089.94,122051.15,122073.63,0.73048
1759548900000,122073.64,122088.32,122038.26,122048.0,0.22603
1759549200000,122048.01,122093.77,122048.0,122093.76,0.3456
1759549500000,122093.77,122100.0,122038.28,122100.0,0.14353
1759549800000,122099.99,122246.79,122099.99,122246.78,0.55139
1759550100000,122246.79,122292.44,122200.0,122243.99,0.39949
1759550400000,122243.98,122313.13,122240.5,122296.83,0.31859
1759550700000,122296.84,122297.78,122261.0,122295.97,1.28703
1759551000000,122289.18,122295.96,122271.44,122276.76,0.26569
1759551300000,122276.75,122300.0,122219.3,122292.24,0.27362
1759551600000,122292.23,122377.75,122265.13,122377.11,0.83082
1759551900000,122377.1,122377.11,122336.5,122342.56,1.85272
1759552200000,122342.55,122386.0,122296.0,122359.5,0.56064
1759552500000,122359.51,122418.0,122359.5,122417.99,0.16891
1759552800000,122418.0,122500.0,122417.99,122481.76,0.70612
1759553100000,122481.77,122505.22,122346.87,122484.25,0.34599
1759553400000,122484.24,122522.0,122484.24,122514.62,0.34665
1759553700000,122514.63,122514.63,122495.0,122495.01,0.36562
1759554000000,122495.0,122495.01,122442.72,122442.73,0.44417
1759554300000,122442.72,122536.92,122442.72,122536.92,0.08909
1759554600000,122536.91,122671.0,122536.91,122657.04,0.65481
1759554900000,122657.04,122678.45,122339.12,122678.44,1.49333
1759555200000,122678.45,122740.97,122678.44,122733.1,0.32319
1759555500000,122733.09,122800.0,122687.12,122687.12,0.37335
1759555800000,122687.12,122718.08,122644.0,122717.01,0.61712
1759556100000,122698.8,122717.0,122643.98,122643.98,0.53699
1759556400000,122643.98,122643.99,122461.0,122472.63,0.35436
1759556700000,122472.64,122505.22,122405.64,122416.4,0.42586
1759557000000,122423.52,122770.54,122423.52,122565.72,1.51298
1759557300000,122565.71,122582.41,122474.97,122522.7,1.45843
1759557600000,122522.69,122560.34,122488.55,122502.32,0.26346
1759557900000,122502.31,122502.32,122389.61,122418.5,0.32074
1759558200000,122418.51,122431.69,122373.9,122407.0,1.29574
1759558500000,122407.01,122550.96,122407.0,122548.6,0.74412
1759558800000,122548.59,122606.86,122339.12,122568.01,0.39698
1759559100000,122568.0,122569.15,122295.52,122507.46,0.39
1759559400000,122507.45,122536.6,122507.45,122536.6,0.32998
1759559700000,122536.59,122544.08,122500.02,122526.87,0.09882
1759560000000,122526.88,122561.89,122488.5,122505.21,0.36351
1759560300000,122505.22,122519.5,122491.15,122491.16,0.29126
1759560600000,122491.15,122491.16,122442.49,122442.49,0.06007
1759560900000,122442.5,122457.37,122430.26,122430.26,0.86486
1759561200000,122430.27,122430.27,122405.21,122421.1,0.30515
1759561500000,122421.09,122421.1,122386.05,122386.05,0.10704
1759561800000,122386.05,122455.0,122348.6,122430.0,1.8001
1759562100000,122430.0,122430.0,122337.8,122337.8,1.25347
1759562400000,122376.28,122376.28,122317.0,122326.97,0.21583
1759562700000,122326.97,122376.21,122321.36,122376.21,0.33696
1759563000000,122376.21,122393.02,122349.98,122393.02,0.49844
1759563300000,122393.02,122393.02,122316.0,122316.0,0.29872
1759563600000,122315.99,122316.0,122280.11,122312.0,0.88852
1759563900000,122311.99,122312.0,122267.77,122267.77,0.03626
1759564200000,122267.76,122274.75,122259.98,122269.97,0.26911
1759564500000,122269.98,122406.1,122262.04,122324.07,0.3343
1759564800000,122324.07,122441.65,122296.75,122441.65,0.46041
1759565100000,122441.64,122474.86,122425.3,122474.86,0.24254
1759565400000,122474.87,122539.83,122465.4,122465.4,0.29479
1759565700000,122465.4,122465.4,122362.83,122460.2,0.44166
1759566000000,122442.4,122484.05,122397.1,122398.82,1.27435
1759566300000,122398.85,122485.92,122398.84,122424.0,0.22604
1759566600000,122432.82,122432.82,122195.63,122338.73,0.72972
1759566900000,122338.72,122338.73,122273.55,122273.55,0.36672
1759567200000,122273.56,122292.43,122218.92,122234.48,0.22331
1759567500000,122234.48,122321.82,122197.63,122309.58,0.24435
1759567800000,122303.47,122303.48,122303.47,122303.48,0.16306
1759568100000,122303.47,122408.64,122195.63,122267.57,0.20392
1759568400000,122267.58,122341.56,122267.57,122341.56,2.18433
1759568700000,122341.55,122414.16,122341.55,122395.67,0.48757
1759569000000,122395.66,122414.16,122376.65,122414.15,1.02384
1759569300000,122414.14,122457.17,122397.35,122397.35,0.25219
1759569600000,122377.42,122393.52,122360.89,122393.52,0.81097
1759569900000,122393.51,122393.53,122370.66,122370.67,0.26963
1759570200000,122368.7,122368.7,122339.85,122339.85,0.4249
1759570500000,122339.85,122339.86,122308.54,122335.56,0.26963
1759570800000,122327.81,122327.82,122327.81,122327.81,1.11435
1759571100000,122327.82,122327.82,122139.56,122242.65,2.17876
1759571400000,122242.66,122242.66,122203.1,122203.1,0.26572
1759571700000,122203.11,122208.79,122186.03,122208.78,0.44256
1759572000000,122208.79,122263.02,122196.94,122263.01,1.65168
1759572300000,122263.02,122273.32,122263.01,122273.32,0.84018
1759572600000,122273.32,122273.32,122228.99,122229.0,0.85105
1759572900000,122228.99,122267.7,122216.77,122248.79,0.39318
1759573200000,122248.79,122301.38,122248.79,122301.38,1.55684
1759573500000,122301.37,122318.9,122292.4,122292.44,0.49821
1759573800000,122292.43,122327.92,122292.43,122310.49,0.33197
1759574100000,122304.53,122304.53,122200.0,122246.99,1.81938
1759574400000,122246.99,122247.0,122218.0,122231.4,0.37293
1759574700000,122231.4,122237.0,122186.03,122186.03,0.19874
1759575000000,122186.04,122186.04,122117.0,122117.0,0.28536
1759575300000,122117.01,122129.55,122099.99,122129.53,0.16275
1759575600000,122129.54,122172.95,122103.35,122172.95,0.38339
1759575900000,122172.94,122215.97,122160.0,122160.01,0.63464
1759576200000,122144.41,122144.41,122000.0,122032.29,1.18385
1759576500000,122032.28,122079.65,121963.2,121963.2,0.40762
1759576800000,121963.2,122008.91,121963.2,121998.95,1.43626
1759577100000,121998.95,122124.31,121998.95,122094.76,1.57939
1759577400000,122094.76,122134.53,122094.75,122120.34,0.51836
1759577700000,122120.35,122120.35,122070.03,122070.03,0.44123
1759578000000,122043.02,122108.55,122028.39,122059.61,0.28776
1759578300000,122059.62,122059.62,122035.07,122035.07,0.04061
1759578600000,122035.08,122070.24,122035.07,122037.34,0.25735
1759578900000,122037.34,122037.34,121973.25,121973.26,0.35757
1759579200000,121973.26,122053.43,121973.25,122053.42,0.37189
1759579500000,122025.07,122025.07,122004.98,122016.41,0.57768
1759579800000,122016.4,122229.74,122016.4,122099.99,0.33618
1759580100000,122100.0,122102.35,122079.19,122079.3,0.32367
1759580400000,122079.3,122079.65,122067.18,122079.65,0.31349
1759580700000,122079.64,122079.65,122030.26,122077.34,0.28985
1759581000000,122077.33,122079.65,122006.68,122031.0,1.07343
1759581300000,122030.99,122055.57,122016.01,122039.53,0.4426
1759581600000,122039.52,122055.57,122039.52,122041.71,1.75887
1759581900000,122041.71,122041.71,121964.73,121964.73,1.62214
1759582200000,121964.74,121993.0,121960.24,121969.96,0.45393
1759582500000,121969.95,122015.86,121969.95,122005.62,0.37157
1759582800000,122005.63,122254.99,122005.62,122254.99,1.92113
1759583100000,122255.0,122466.01,122254.99,122436.61,3.86215
1759583400000,122436.6,122483.41,122382.91,122397.64,0.54418
1759583700000,122397.63,122450.0,122388.0,122407.1,1.41278
1759584000000,122407.09,122407.09,122292.43,122338.0,0.3213
1759584300000,122337.38,122350.99,122314.5,122314.5,0.23272
1759584600000,122314.51,122370.0,122314.5,122370.0,1.45343
1759584900000,122369.99,122450.0,122369.99,122449.99,0.2905
1759585200000,122450.0,122450.0,122413.15,122417.55,0.10832
1759585500000,122417.54,122447.49,122405.18,122428.73,1.44886
1759585800000,122428.74,122428.74,122379.4,122379.4,3.41924
1759586100000,122379.41,122392.24,122365.76,122385.41,1.18394
1759586400000,122385.42,122399.4,122332.84,122338.04,0.368
1759586700000,122338.04,122348.18,122300.0,122341.96,0.36187
1759587000000,122341.96,122566.93,122327.01,122425.18,0.38301
1759587300000,122425.17,122459.98,122362.25,122381.63,0.36035
1759587600000,122381.63,122381.64,122340.08,122340.08,0.27423
1759587900000,122340.09,122340.09,122292.43,122313.56,0.37235
1759588200000,122313.55,122313.56,122281.18,122292.43,0.3385
1759588500000,122292.44,122292.44,122244.1,122260.0,0.28842
1759588800000,122260.01,122292.22,122245.16,122245.16,1.7931
1759589100000,122245.17,122245.17,122164.7,122180.81,0.33738
1759589400000,122180.81,122180.81,122033.07,122033.07,1.76906
1759589700000,122086.19,122086.19,122000.0,122000.0,1.17722
1759590000000,122000.01,122109.26,121890.04,122039.97,3.53932
1759590300000,122039.97,122114.29,122000.97,122057.0,3.90609
1759590600000,122056.99,122056.99,121920.06,121920.06,4.42
1759590900000,121902.71,121971.48,121850.0,121920.0,1.33121
1759591200000,121920.0,121920.0,121764.26,121765.48,0.91069
1759591500000,121765.48,122163.74,121699.98,121709.44,1.64177
1759591800000,121709.43,121841.44,121709.43,121732.91,3.16029
1759592100000,121732.92,121827.19,121722.28,121798.02,1.46439
1759592400000,121798.03,121898.39,121798.02,121894.35,0.98633
1759592700000,121894.36,121994.81,121894.35,121982.71,0.88839
1759593000000,121982.7,122012.08,121910.52,121910.52,0.51725
1759593300000,121885.65,121885.65,119572.08,121784.32,3.44056
1759593600000,121784.31,121943.79,121784.31,121927.93,2.94385
1759593900000,121928.37,121964.95,121877.2,121877.2,1.05277
1759594200000,121877.2,121910.0,121625.49,121625.49,1.09199
1759594500000,121625.5,121720.01,121625.49,121686.11,2.94159
1759594800000,121686.12,121686.12,120214.71,121242.0,1.3722
1759595100000,121611.0,121741.0,121611.0,121663.92,0.50563
1759595400000,121663.91,121862.35,121663.91,121862.35,0.91104
1759595700000,121862.35,121900.0,121774.0,121825.05,0.35437
1759596000000,121825.06,121841.77,121746.38,121832.99,0.52516
1759596300000,121833.0,121833.0,121654.08,121654.09,0.45058
1759596600000,121654.09,121684.02,121629.0,121684.01,0.319
1759596900000,121694.08,121710.0,121622.98,121710.0,0.37642
1759597200000,121709.99,121804.3,121660.57,121787.24,0.59324
1759597500000,121780.0,121846.0,121780.0,121832.21,0.32027
1759597800000,121832.22,121832.22,121779.82,121779.82,0.07
1759598100000,121779.82,121807.55,121748.31,121756.99,0.81881
1759598400000,121756.99,121783.2,121742.95,121763.01,0.16878
1759598700000,121763.0,121862.34,121763.0,121846.52,0.39351
1759599000000,121846.52,121910.24,121811.1,121843.71,1.56889
1759599300000,121825.37,121825.38,121745.81,121745.82,0.26464
1759599600000,121745.81,121784.45,121678.33,121718.89,0.48282
1759599900000,121718.89,121731.84,121678.34,121678.34,1.27912
1759600200000,121678.35,121701.43,121669.22,121693.32,0.56169
1759600500000,121693.33,121736.54,121693.32,121736.53,0.27888
1759600800000,121736.53,121821.98,121733.21,121799.24,2.49341
1759601100000,121799.24,121829.69,121791.81,121798.09,28.59815
1759601400000,121798.1,121811.99,25000.0,121704.12,10.05215
1759601700000,121704.13,121760.48,121700.19,121711.01,0.48534
1759602000000,121711.01,121742.89,121702.32,121737.56,0.70901
1759602300000,121737.57,121737.57,121732.1,121732.1,0.62386
1759602600000,121732.11,121732.11,121681.46,121693.33,0.6547
1759602900000,121693.33,121693.33,121612.95,121641.99,0.35313
1759603200000,121642.0,121677.83,121631.5,121677.82,1.64529
1759603500000,121677.83,121677.83,121623.74,121629.02,1.27153
1759603800000,121629.03,121629.03,121595.42,121595.42,2.97236
1759604100000,121595.42,121595.43,121518.21,121559.83,0.33961
1759604400000,121559.83,121665.98,121559.83,121665.98,2.57409
1759604700000,121665.97,121669.0,121640.0,121668.99,0.36005
1759605000000,121669.0,121800.98,121668.99,121800.97,0.13161
1759605300000,121800.97,121800.98,121754.01,121754.01,0.25006
1759605600000,121754.02,121866.87,121754.01,121849.42,0.27425
1759605900000,121849.43,121865.9,121840.81,121840.81,0.24485
1759606200000,121840.81,121876.37,121826.01,121876.36,0.21902
1759606500000,121876.37,121905.0,121855.79,121904.99,1.28143
1759606800000,121904.99,121949.9,121887.87,121887.87,1.55528
1759607100000,121887.87,121887.88,121881.0,121881.01,0.15859
1759607400000,121881.0,121930.0,121881.0,121929.99,0.15449
1759607700000,121930.0,121944.3,121929.99,121944.29,0.28568
1759608000000,121944.3,122041.98,121898.22,121898.22,1.53074
1759608300000,121898.22,121973.26,121897.46,121919.79,3.6302
1759608600000,121919.79,121947.81,121919.79,121939.96,0.31404
1759608900000,121939.97,122034.39,121939.96,121985.5,3.59923
1759609200000,121985.5,122036.68,121985.49,122036.67,2.07197
1759609500000,122036.67,122057.28,122022.2,122057.27,0.25182
1759609800000,122057.28,122057.28,121995.18,121995.18,0.85522
1759610100000,121995.19,122044.23,121986.29,122044.23,0.23203
1759610400000,122044.23,122044.23,122022.99,122029.47,1.31878
1759610700000,122029.48,122061.83,121993.36,121993.36,0.53256
1759611000000,121993.36,121993.37,121903.03,121940.5,0.45868
1759611300000,121940.51,121971.03,121824.12,121824.12,0.29013
1759611600000,121888.83,121958.94,121824.12,121958.94,0.32772
1759611900000,121958.93,121968.8,121952.49,121968.79,0.42845
1759612200000,121968.79,122142.0,121968.79,122142.0,0.90396
1759612500000,122141.99,122205.78,121824.12,122196.95,0.69664
1759612800000,122196.95,122236.69,122196.94,122236.68,0.57819
1759613100000,122236.69,122327.33,122236.68,122327.32,0.47148
1759613400000,122327.32,122327.33,122306.0,122322.03,0.57772
1759613700000,122322.03,122329.0,122236.66,122258.61,0.14849
1759614000000,122258.62,122347.55,122048.66,122319.71,1.63762
1759614300000,122319.72,122319.72,122188.88,122188.88,0.33049
1759614600000,122188.88,122188.89,122188.88,122188.88,0.10483
1759614900000,122188.88,122190.68,122188.88,122190.67,0.21244
1759615200000,122190.67,122230.8,122174.33,122174.33,0.36239
1759615500000,122150.91,122207.08,122139.98,122178.62,0.29785
1759615800000,122178.62,122195.86,122156.14,122195.85,0.29582
1759616100000,122195.86,122195.86,122195.85,122195.86,0.07691
1759616400000,122195.86,122196.0,122194.62,122195.99,0.07256
1759616700000,122196.0,122275.02,122195.99,122234.24,0.25933
1759617000000,122234.25,122359.21,122234.24,122359.21,0.13832
1759617300000,122363.23,122363.23,122278.0,122278.0,1.35925
1759617600000,122278.01,122292.44,122278.0,122292.43,1.10063
1759617900000,122292.43,122334.0,122292.43,122334.0,0.06561
1759618200000,122334.0,122334.0,122214.78,122242.68,0.13802
1759618500000,122242.68,122304.83,122242.68,122287.19,0.40374
1759618800000,122287.19,122287.2,122242.76,122250.07,0.2
1759619100000,122250.07,122272.95,122250.07,122272.95,0.19606
1759619400000,122272.94,122292.44,122256.0,122256.0,0.38511
1759619700000,122256.0,122256.01,122230.0,122230.0,0.08565
1759620000000,122230.01,122230.01,122214.0,122214.01,0.05266
1759620300000,122214.0,122214.01,122214.0,122214.01,0.0423
1759620600000,122214.01,122401.42,122214.0,122299.99,1.3255
1759620900000,122300.0,122300.0,122273.02,122300.0,0.07206
1759621200000,122299.99,122340.0,122299.99,122339.99,1.1228
1759621500000,122340.0,122410.0,122339.99,122380.61,0.26325
1759621800000,122380.61,122380.61,122347.56,122347.56,1.10838
1759622100000,122347.57,122379.99,122347.56,122379.98,0.05677
1759622400000,122379.99,122410.0,122325.03,122325.04,0.95077
1759622700000,122325.03,122325.04,122280.03,122280.04,0.73311
1759623000000,122280.03,122280.04,122253.3,122253.31,0.08079
1759623300000,122253.3,122323.8,122253.3,122302.09,0.36987
1759623600000,122302.1,122383.43,122302.09,122383.42,0.13143
1759623900000,122383.43,122404.02,122361.05,122404.02,1.21449
1759624200000,122404.01,122404.02,122321.73,122353.53,1.42842
1759624500000,122353.53,122353.54,122335.6,122335.6,0.11092
1759624800000,122335.6,122339.19,122271.33,122271.34,0.2679
1759625100000,122271.33,122271.34,122266.59,122266.59,0.07574
1759625400000,122246.01,122246.01,122159.28,122169.13,1.299
1759625700000,122169.12,122185.02,122162.77,122162.77,1.05597
1759626000000,122157.71,122238.42,122157.7,122238.42,0.21135
1759626300000,122238.42,122275.93,122238.41,122275.92,0.26881
1759626600000,122275.93,122306.53,122275.92,122306.53,0.08777
1759626900000,122306.53,122306.53,122051.83,122244.41,0.33137
1759627200000,122229.53,122258.44,122137.96,122253.87,0.30786
1759627500000,122253.87,122306.53,122196.94,122248.0,1.4207
1759627800000,122248.01,122292.44,122248.0,122286.65,0.3739
1759628100000,122286.65,122349.44,122283.63,122349.43,0.33818
1759628400000,122349.43,122410.0,122349.43,122409.99,0.16882
1759628700000,122390.98,122390.98,122324.36,122359.99,0.63217
1759629000000,122359.99,122398.83,122359.99,122371.04,0.63351
1759629300000,122371.04,122375.0,122371.04,122374.99,0.12726
1759629600000,122375.0,122379.79,122342.0,122351.99,1.41777
1759629900000,122352.0,122376.49,122351.99,122376.49,0.44458
1759630200000,122376.48,122398.83,122376.48,122398.82,0.32989
1759630500000,122398.82,122398.83,122378.51,122378.51,0.37301
1759630800000,122378.51,122425.01,122378.51,122416.37,0.47488
1759631100000,122416.38,122762.47,122416.37,122762.47,1.77584
1759631400000,122762.46,124185.5,122762.46,124182.85,3.06008
1759631700000,124182.84,124271.95,123823.38,123823.38,1.72961
1759632000000,123823.39,123823.39,123400.0,123654.92,2.092
1759632300000,123654.93,123958.2,123654.92,123786.83,0.36293
1759632600000,123786.82,123820.56,123537.27,123722.14,0.57602
1759632900000,123722.13,124121.97,123722.13,124120.76,1.3213
1759633200000,124120.77,124129.25,123846.06,124037.91,0.75804
1759633500000,124037.92,124059.01,123907.09,123970.0,0.52693
1759633800000,123970.0,123978.13,123648.47,123668.57,0.33749
1759634100000,123668.58,123688.0,123400.0,123480.76,0.46517
1759634400000,123480.75,123680.0,123395.67,123594.04,1.53026
1759634700000,123594.05,123799.98,123594.04,123744.25,0.56172
1759635000000,123744.26,124051.18,123744.25,124037.38,0.58545
1759635300000,124037.38,124162.03,123977.82,124048.44,0.50522
1759635600000,124048.45,124049.97,123911.63,124018.0,0.63615
1759635900000,124018.01,124119.28,123961.0,123981.92,0.39655
1759636200000,123981.91,123988.14,123841.11,123841.11,0.51025
1759636500000,123841.11,123855.71,123749.9,123814.0,0.57026
1759636800000,123814.01,124065.84,123776.22,124065.83,0.22391
1759637100000,124065.84,124065.84,123702.18,123922.81,0.47426
1759637400000,123922.8,123922.8,123744.68,123901.31,0.46455
1759637700000,123901.3,124265.96,123641.38,123961.29,0.47257
1759638000000,123961.28,124032.77,123961.28,123993.28,0.2689
1759638300000,123993.28,124061.94,123993.0,124019.25,0.3202
1759638600000,124019.25,124071.47,123993.0,124052.9,0.75629
1759638900000,124052.91,124278.01,124052.9,124257.54,0.48274
1759639200000,124257.54,124400.01,124185.8,124270.0,0.81729
1759639500000,124269.99,126581.99,124269.99,125369.16,3.56012
1759639800000,125369.17,125582.41,125340.11,125385.86,0.70874
1759640100000,125385.85,125385.86,125173.34,125187.99,0.81938
1759640400000,125187.98,125417.78,125187.98,125417.77,0.49673
1759640700000,125417.78,125417.78,124889.56,125006.27,1.10086
1759641000000,125006.28,125240.55,124914.57,125178.95,1.90768
1759641300000,125178.96,125211.84,124928.64,125087.0,0.37652
1759641600000,125086.99,125167.2,125010.91,125167.2,0.51222
1759641900000,125167.19,125374.0,125167.19,125373.99,0.85805
1759642200000,125389.69,125392.0,125210.0,125253.87,0.83096
1759642500000,125253.88,125344.63,124500.0,125250.0,0.53416
1759642800000,125249.99,130884.2,125116.61,130884.2,0.70946
1759643100000,125206.43,125704.21,125020.0,125130.95,0.57369
1759643400000,125130.95,125130.95,124976.57,124995.1,1.28914
1759643700000,124995.11,125127.99,124962.42,125127.98,0.58421
1759644000000,125127.99,125225.54,125127.72,125174.94,0.60362
1759644300000,125151.82,125194.09,125114.01,125194.09,0.76554
1759644600000,125194.08,125196.01,124971.57,125085.49,0.6186
1759644900000,125085.49,125085.49,124927.52,124958.56,0.27189
1759645200000,124958.57,124967.02,124805.34,124815.97,0.45073
1759645500000,124815.96,125023.58,124640.54,124640.54,1.02061
1759645800000,124978.19,125035.38,124640.54,124952.56,0.71157
1759646100000,124952.57,124952.57,124848.06,124851.41,0.48016
1759646400000,124851.42,125070.48,124851.41,125070.47,0.52499
1759646700000,125070.47,125186.0,125008.22,125185.99,1.70386
1759647000000,125185.99,125200.01,124968.92,125070.0,1.42754
1759647300000,125069.99,125078.95,125013.57,125013.57,0.21892
1759647600000,125013.58,125013.58,124853.0,124917.99,0.48385
1759647900000,124918.0,125070.0,124827.82,125052.61,0.43973
1759648200000,125052.61,125052.61,124912.68,125033.34,2.64629
1759648500000,125033.34,125149.55,121986.87,125006.88,2.07186
1759648800000,125006.87,125133.09,124895.96,124919.0,0.71222
1759649100000,124919.0,124936.64,121737.05,124851.73,2.52913
1759649400000,124766.01,124848.25,124698.1,124716.56,0.27759
1759649700000,124716.57,124733.37,124651.17,124733.36,0.32456
1759650000000,124733.37,124769.12,124688.0,124688.01,0.29102
1759650300000,124688.0,124794.66,124688.0,124794.66,0.38525
1759650600000,124794.65,124918.48,124768.0,124877.31,0.4845
1759650900000,124877.3,124929.18,124700.0,124700.0,0.28868
1759651200000,124700.01,124782.02,124585.49,124616.35,0.43126
1759651500000,124616.35,125002.75,123851.81,124771.27,0.35621
1759651800000,124812.87,124812.88,124647.23,124647.24,0.26219
1759652100000,124647.23,124700.12,124647.23,124652.5,0.33324
1759652400000,124652.51,124815.97,124652.5,124815.96,0.27972
1759652700000,124808.98,124838.37,124710.0,124740.0,0.42588
1759653000000,124739.99,124740.0,124647.03,124647.04,0.42074
1759653300000,124625.0,124765.58,124610.33,124755.33,0.44216
1759653600000,124755.34,124755.34,124676.02,124702.05,0.30483
1759653900000,124702.05,124702.05,124594.97,124673.91,0.52988
1759654200000,124673.91,124691.87,124618.45,124691.86,1.2061
1759654500000,124691.87,124691.87,124570.63,124595.99,0.6335
1759654800000,124596.0,124665.37,124575.24,124632.4,0.79604
1759655100000,124639.91,124639.91,124371.16,124573.72,0.87462
1759655400000,124573.73,124573.73,124473.37,124473.37,0.2863
1759655700000,124395.44,124457.08,124340.0,124360.19,1.3325
1759656000000,124360.2,124426.2,124246.84,124411.78,0.35117
1759656300000,124411.78,124411.79,123996.4,123996.41,1.70112
1759656600000,123996.41,123996.41,123373.08,123607.71,3.0156
1759656900000,123607.72,123650.0,123184.0,123184.01,1.00359
1759657200000,123184.0,123240.01,122895.55,123045.73,0.48847
1759657500000,123045.72,123230.0,122878.0,123229.99,1.83849
1759657800000,123230.0,123230.0,123017.73,123162.84,0.44182
1759658100000,123162.85,123197.01,123009.12,123014.24,0.44231
1759658400000,123014.23,123071.07,122618.13,122625.51,0.32667
1759658700000,122625.52,122847.08,122625.51,122691.37,1.4801
1759659000000,122691.38,122902.0,122572.73,122842.1,0.42301
1759659300000,122842.09,124041.93,122820.56,122969.99,0.65169
1759659600000,122970.0,123113.04,122969.99,123049.53,0.25338
1759659900000,123049.52,123049.53,122974.96,122994.78,0.4152
1759660200000,122994.77,122994.78,121704.15,122736.84,0.79557
1759660500000,122728.55,122869.0,122680.11,122812.38,0.99123
1759660800000,122812.39,122842.45,122805.0,122816.66,0.53259
1759661100000,122816.65,123061.5,122816.65,123057.62,0.62649
1759661400000,123057.62,123088.73,122950.0,122964.01,0.23003
1759661700000,122964.0,123102.9,122964.0,123028.0,0.96645
1759662000000,123028.01,123241.5,123017.99,123193.98,0.42786
1759662300000,123185.29,123185.29,122961.67,122961.68,0.28795
1759662600000,122961.67,123053.65,122852.83,122852.84,0.44927
1759662900000,122852.83,123056.33,122852.83,123056.32,0.42961
1759663200000,123056.33,123262.02,123013.85,123262.02,0.69339
1759663500000,123262.01,123420.26,123262.01,123375.3,0.88771
1759663800000,123375.29,123375.3,123200.51,123228.89,0.39148
1759664100000,123228.88,123299.99,123198.63,123255.94,0.50811
1759664400000,123255.93,123356.36,123242.0,123356.35,0.32576
1759664700000,123356.35,123410.0,121735.96,123409.99,0.60528
1759665000000,123409.99,123497.65,123370.78,123497.64,0.51169
1759665300000,123497.65,123522.32,123464.64,123464.64,0.28854
1759665600000,123464.64,123464.65,123127.64,123131.31,1.3368
1759665900000,123131.31,123153.05,122964.23,122973.99,0.27502
1759666200000,122974.0,123149.98,122973.99,123149.98,0.47352
1759666500000,123149.97,123250.25,123070.55,123250.24,0.50131
1759666800000,123250.24,123250.25,123197.53,123228.35,0.25995
1759667100000,123228.34,124234.1,123125.29,123125.91,4.03691
1759667400000,123125.9,123196.13,123123.0,123149.28,0.61601
1759667700000,123140.67,123191.82,122972.34,122972.35,0.80957
1759668000000,122972.34,123097.7,122972.34,123064.01,0.23092
1759668300000,123064.01,123160.3,123055.06,123160.29,1.58147
1759668600000,123160.3,123234.35,123160.29,123160.31,0.24771
1759668900000,123160.3,123214.86,123074.71,123085.88,0.39531
1759669200000,123085.89,123218.01,123070.46,123218.01,4.51831
1759669500000,123218.01,123243.83,123167.98,123243.82,2.8647
1759669800000,123243.83,123325.78,123225.9,123246.87,3.26894
1759670100000,123246.88,123268.86,123222.0,123244.75,0.64875
1759670400000,123244.76,123271.19,123166.14,123243.21,1.54519
1759670700000,123243.2,123326.04,123243.2,123297.34,0.23257
1759671000000,123297.35,123300.0,123215.56,123300.0,1.30291
1759671300000,123300.0,123358.83,123265.54,123345.04,2.90222
1759671600000,123345.05,123345.05,30000.0,123266.49,2.7869
1759671900000,123268.33,123281.67,123236.91,123261.19,1.73166
1759672200000,123261.2,123261.2,123099.74,123124.08,1.20397
1759672500000,123124.09,123161.41,123118.88,123160.0,0.65838
1759672800000,123160.01,123294.87,123160.0,123258.16,0.84526
1759673100000,123258.15,123282.64,123244.95,123282.63,1.32183
1759673400000,123282.64,123339.42,123277.79,123277.79,0.44548
1759673700000,123277.79,123286.87,123137.48,123195.46,0.50478
1759674000000,123195.47,123196.01,123144.0,123196.01,0.44352
1759674300000,123196.01,123241.52,123165.59,123206.53,0.2475
1759674600000,123206.53,123228.95,30000.0,123140.0,1.75067
1759674900000,123140.0,123141.01,123024.5,123036.01,0.24751
1759675200000,123036.01,123058.11,122784.23,122889.89,0.31068
1759675500000,122889.9,122994.04,122834.56,122893.79,0.40221
1759675800000,122893.78,122977.53,122893.78,122945.07,1.32737
1759676100000,122945.06,123061.64,122945.06,123035.0,1.14599
1759676400000,123035.0,123035.0,122137.72,122926.1,1.59703
1759676700000,122926.11,122963.44,122830.0,122840.0,0.46094
1759677000000,122840.0,122944.2,122839.99,122944.19,1.342
1759677300000,122944.2,123010.0,122944.19,123010.0,0.33525
1759677600000,123009.99,123010.0,122919.71,122926.0,0.26234
1759677900000,122926.01,122989.0,122871.77,122891.99,1.53813
1759678200000,122891.99,122907.06,122814.57,122814.57,0.35008
1759678500000,122814.58,122814.58,122701.47,122757.4,1.87707
1759678800000,122757.41,122804.33,122757.4,122772.65,0.27508
1759679100000,122772.65,122804.57,122725.82,122789.12,2.6026
1759679400000,122789.12,122849.99,122789.12,122805.55,1.26363
1759679700000,122805.54,122850.0,122787.87,122803.17,2.5356
1759680000000,122803.18,122855.84,122790.92,122844.59,1.54144
1759680300000,122844.58,123088.83,122844.58,123088.83,1.58103
1759680600000,123088.82,123104.2,123031.15,123069.99,0.99907
1759680900000,123070.0,123090.0,123002.52,123059.99,0.47563
1759681200000,123060.0,123060.0,122995.93,122995.93,2.25754
1759681500000,122995.92,122996.24,122952.3,122952.3,0.60963
1759681800000,122952.31,122971.78,122913.97,122969.73,0.68199
1759682100000,122969.72,123072.7,122949.84,123060.48,0.59578
1759682400000,123060.49,123072.64,123010.32,123016.47,0.40674
1759682700000,123016.48,123019.29,122678.75,122710.0,0.59097
1759683000000,122709.99,122967.03,122415.86,122934.48,2.00667
1759683300000,122934.48,123324.21,122934.48,123265.55,1.90766
1759683600000,123265.56,123464.0,123265.55,123401.66,0.4839
1759683900000,123401.65,123433.92,123267.15,123273.49,0.42551
1759684200000,123273.48,123273.49,123184.05,123214.0,0.47638
1759684500000,123214.01,123462.22,123214.0,123241.46,0.28023
1759684800000,123241.46,123241.46,123173.33,123200.51,1.41992
1759685100000,123200.5,123200.5,123160.3,123190.92,1.26109
1759685400000,123190.91,123190.91,123013.56,123013.57,0.49438
1759685700000,123013.56,123058.84,122900.21,123037.01,0.33014
1759686000000,123037.01,123124.55,122956.2,123124.54,1.41009
1759686300000,123124.55,123124.55,122704.77,123090.31,0.51905
1759686600000,123090.3,123090.31,122993.36,123031.67,1.27647
1759686900000,123031.67,123068.76,122973.0,123057.05,1.26497
1759687200000,123057.04,123840.64,123054.48,123080.02,2.3561
1759687500000,123080.02,123129.92,98000.2,122957.68,4.63971
1759687800000,122957.68,123308.08,122860.79,122990.0,0.82428
1759688100000,122990.0,123040.0,122978.02,123028.0,1.48797
1759688400000,123028.0,123040.24,122894.57,122976.52,0.40029
1759688700000,122976.52,123076.4,122976.51,123055.06,2.34624
1759689000000,123055.07,123273.0,122993.38,123160.29,0.6316
1759689300000,123160.3,123220.3,123020.0,123020.0,1.53153
1759689600000,123020.01,123020.01,30000.0,123001.35,1.42143
1759689900000,123001.36,123020.64,122987.68,123020.64,0.28688
1759690200000,123020.63,123096.0,123020.63,123040.01,0.20909
1759690500000,123040.01,123040.01,120434.79,123011.75,1.22007
1759690800000,123011.75,123026.0,122970.47,122970.47,0.33075
1759691100000,122970.47,122970.47,122791.52,122824.57,0.59804
1759691400000,122824.56,123273.0,122618.11,122776.85,1.33379
1759691700000,122776.85,122776.86,122691.86,122709.03,0.26275
1759692000000,122709.03,123308.08,122694.85,122938.0,1.0069
1759692300000,122937.99,122938.0,122827.05,122827.06,0.38381
1759692600000,122827.05,122878.01,122786.9,122878.01,0.64579
1759692900000,122878.01,122879.86,122697.68,122772.18,0.49387
1759693200000,122772.17,122800.0,122749.11,122749.77,5.53152
1759693500000,122749.77,122749.77,122566.92,122645.48,1.635
1759693800000,122645.48,122645.49,122523.29,122601.26,1.05631
1759694100000,122601.27,122629.64,122525.56,122598.26,0.75247
1759694400000,122598.25,122714.5,98000.2,122714.49,8.48075
1759694700000,122714.5,122714.5,122542.0,122661.0,0.47168
1759695000000,122660.99,122759.96,122649.0,122696.64,0.86289
1759695300000,122696.65,122771.48,122634.5,122730.11,0.747
1759695600000,122730.12,122737.09,122662.25,122670.96,0.77801
1759695900000,122670.95,122698.0,122670.95,122697.99,0.28837
1759696200000,122697.99,122886.52,122697.99,122861.4,0.52521
1759696500000,122861.4,123027.15,122861.4,123027.15,1.50428
1759696800000,123027.15,123308.08,122326.93,122933.03,1.44792
1759697100000,122933.04,122979.44,122852.22,122852.22,0.52115
1759697400000,122852.23,122886.0,122847.57,122880.53,0.21545
1759697700000,122880.53,122880.53,122739.34,122739.34,0.35959
1759698000000,122739.34,122739.35,122686.34,122686.34,0.50946
1759698300000,122686.34,122686.35,122517.58,122559.99,0.2576
1759698600000,122560.0,122619.11,122549.74,122619.11,0.2304
1759698900000,122619.1,122693.17,122587.99,122693.17,1.38859
1759699200000,122693.16,122789.15,122693.16,122768.36,0.31161
1759699500000,122768.37,122768.37,122681.26,122681.27,0.48466
1759699800000,122680.91,122680.91,122600.21,122600.21,0.38786
1759700100000,122600.22,122931.69,122489.85,122576.57,0.72242
1759700400000,122576.58,122881.54,122576.57,122669.21,0.34572
1759700700000,122669.21,122704.87,122643.36,122704.87,0.34607
1759701000000,122704.86,122766.0,122704.86,122739.35,0.33204
1759701300000,122739.35,122739.35,122689.08,122729.99,0.28497
1759701600000,122730.0,123054.3,122729.99,123047.75,1.38446
1759701900000,123047.74,123108.11,122953.22,122953.23,0.36687
1759702200000,122953.23,122953.23,122847.7,122919.81,0.23881
1759702500000,122919.8,123000.0,122912.99,123000.0,0.5455
1759702800000,122999.99,123250.0,122999.99,123250.0,2.3869
1759703100000,123250.0,123278.76,123142.22,123142.22,0.70936
1759703400000,123142.23,123161.98,123040.0,123087.51,1.63483
1759703700000,123087.5,123308.08,123070.13,123137.14,1.46261
1759704000000,123137.14,123142.21,123118.07,123137.19,1.70429
1759704300000,123137.2,123137.2,123087.6,123108.41,0.50259
1759704600000,123108.41,123148.0,123080.04,123147.99,0.46876
1759704900000,123148.0,123308.08,123147.99,123237.41,0.68493
1759705200000,123237.4,123317.94,123219.62,123299.09,1.36235
1759705500000,123299.09,123470.0,123299.09,123445.2,0.59144
1759705800000,123445.2,123476.02,123403.76,123476.01,0.62967
1759706100000,123476.02,123500.0,123405.09,123441.25,0.39225
1759706400000,123441.25,123477.18,123411.54,123411.54,0.48481
1759706700000,123411.55,123462.68,123349.98,123462.67,0.64974
1759707000000,123462.67,123524.46,123462.67,123497.14,0.71102
1759707300000,123497.14,123504.06,123497.13,123504.05,0.32552
1759707600000,123504.06,123512.94,123457.06,123509.63,0.47968
1759707900000,123509.64,123509.64,123499.57,123504.76,0.35412
1759708200000,123504.75,123504.76,123445.33,123468.0,0.3307
1759708500000,123468.0,123492.0,123442.94,123469.07,0.30661
1759708800000,123469.07,123499.0,122705.36,123340.91,1.43069
1759709100000,123340.91,123374.9,123288.0,123301.46,0.70307
1759709400000,123301.46,123514.74,123275.58,123514.0,1.51317
1759709700000,123514.01,124303.04,123514.0,124303.03,0.49365
1759710000000,124303.04,124318.43,123832.8,123929.62,2.23335
1759710300000,123929.63,124012.93,123541.11,123643.83,3.29026
1759710600000,123643.82,124000.7,123639.34,123796.13,0.72179
1759710900000,123796.14,123853.64,123467.38,123467.38,0.35397
1759711200000,123467.38,124067.09,123467.38,123704.15,1.3776
1759711500000,123704.16,123704.16,123514.99,123545.02,0.51192
1759711800000,123545.01,123545.02,123159.48,123159.48,0.64224
1759712100000,123159.49,123373.96,123088.88,123347.29,1.36464
1759712400000,123347.29,123404.89,123218.34,123362.71,0.53759
1759712700000,123362.71,123632.75,123362.71,123482.09,0.56414
1759713000000,123482.09,123575.52,123482.08,123486.86,0.35315
1759713300000,123486.87,123566.59,123334.06,123566.59,2.06151
1759713600000,123566.59,123887.99,123566.58,123887.98,0.6381
1759713900000,123887.99,123988.0,123796.46,123841.36,1.14295
1759714200000,123841.35,124107.4,123841.35,124002.23,1.21354
1759714500000,124021.23,124205.57,123918.0,123984.23,1.00283
1759714800000,123984.24,124058.0,123750.0,123857.53,1.29828
1759715100000,123857.52,124137.3,123802.12,123974.26,0.40561
1759715400000,123974.25,124034.62,123960.07,123988.9,0.33519
1759715700000,123988.89,124045.41,123977.51,124035.32,0.65006
1759716000000,124035.33,124220.55,123871.04,123871.05,0.71214
1759716300000,123871.04,123963.74,123867.62,123868.99,0.46931
1759716600000,123868.98,123947.91,123816.99,123865.14,0.5133
1759716900000,123865.15,123899.97,123845.01,123870.82,0.26349
1759717200000,123870.82,124074.43,123830.25,123970.0,0.50664
1759717500000,123970.0,123970.01,123857.15,123857.15,1.60272
1759717800000,123857.15,123926.02,123553.49,123590.78,0.70786
1759718100000,123590.79,123616.08,123497.1,123593.22,0.51533
1759718400000,123593.21,123859.77,123593.21,123839.08,1.49394
1759718700000,123839.08,124219.07,123839.07,124179.42,0.61649
1759719000000,124126.0,124179.42,123963.74,124002.23,0.61025
1759719300000,124002.23,124048.26,123991.78,124002.22,0.40759
1759719600000,124002.23,124108.06,124002.22,124006.22,0.52718
1759719900000,124006.22,124089.85,123979.61,123998.12,0.35158
1759720200000,123998.12,124031.01,123949.15,124002.57,0.49493
1759720500000,124002.58,124045.65,123896.98,123949.98,0.45057
1759720800000,123949.98,123974.66,123880.4,123880.4,0.29708
1759721100000,123880.4,123987.47,123880.4,123910.58,0.35165
1759721400000,123910.59,123988.0,123910.58,123944.94,0.48398
1759721700000,123944.95,124179.42,123870.0,123975.44,0.3478
1759722000000,123975.45,123975.45,123868.86,123893.57,0.46569
1759722300000,123893.57,123893.58,123742.64,123785.12,1.72538
1759722600000,123785.12,123936.49,123785.12,123936.49,1.01967
1759722900000,123936.49,123936.49,123842.82,123842.83,0.83915
1759723200000,123842.83,123882.75,123793.65,123824.72,0.60958
1759723500000,123824.73,124220.55,123773.73,123807.69,0.50634
1759723800000,123807.69,124233.59,123760.2,123915.94,1.60072
1759724100000,123915.94,123943.24,123881.36,123881.37,0.61672
1759724400000,123881.37,123985.21,123881.36,123935.51,0.40387
1759724700000,123935.51,123978.0,123935.5,123957.06,0.37837
1759725000000,123957.05,123988.0,123754.95,123779.5,0.78041
1759725300000,123779.51,123779.51,123698.12,123721.35,0.33094
1759725600000,123721.36,123753.92,123644.93,123715.41,0.33705
1759725900000,123715.41,123747.35,123659.75,123747.34,0.45327
1759726200000,123747.34,123779.2,123662.0,123675.79,1.34924
1759726500000,123675.8,123675.8,123580.26,123580.27,1.38156
1759726800000,123580.26,124303.8,123383.77,123512.6,0.72833
1759727100000,123512.59,123546.77,123374.93,123387.95,0.41946
1759727400000,123387.95,123426.78,123299.99,123348.18,0.59312
1759727700000,123348.17,123494.0,123317.0,123450.0,1.18468
1759728000000,123450.01,123469.0,123440.88,123468.99,0.4948
1759728300000,123468.99,123637.49,123468.99,123603.56,0.34957
1759728600000,123603.56,123613.99,122326.93,123482.47,0.51887
1759728900000,123482.48,123514.95,123462.22,123496.13,0.51656
1759729200000,123496.13,123521.24,123477.3,123521.24,0.23492
1759729500000,123521.24,123720.91,123521.23,123720.91,0.16733
1759729800000,123720.91,123720.91,123494.43,123561.49,0.49278
1759730100000,123561.48,123641.42,123561.48,123586.01,0.28547
1759730400000,123586.01,123785.0,123586.0,123738.22,0.69107
1759730700000,123738.21,123821.29,123686.49,123762.01,0.48962
1759731000000,123762.01,123840.64,123762.0,123827.45,0.5021
1759731300000,123827.44,123855.46,123686.5,123720.69,1.48176
1759731600000,123720.7,123752.11,123672.14,123700.0,0.32888
1759731900000,123700.01,123903.57,123700.0,123889.18,0.31729
1759732200000,123889.19,123966.52,123876.77,123954.14,0.79326
1759732500000,123954.14,124165.56,123954.13,124056.74,0.55227
1759732800000,124056.74,124095.22,123988.88,123989.27,0.37504
1759733100000,123989.28,124021.68,123966.82,124010.01,0.35779
1759733400000,124010.01,124075.43,123817.44,123888.3,0.52099
1759733700000,123888.31,123978.64,123888.3,123978.0,0.28075
1759734000000,123978.0,124025.54,123635.65,123881.49,1.42308
1759734300000,123881.5,123930.83,123816.34,123930.83,0.30029
1759734600000,123930.82,124010.0,123832.08,124000.59,0.51446
1759734900000,124000.59,124264.68,123487.1,123903.56,0.87308
1759735200000,123903.57,123972.11,123880.4,123904.15,1.28124
1759735500000,123904.16,123904.16,123829.08,123829.09,1.50344
1759735800000,123829.08,123842.84,123621.42,123621.42,0.65267
1759736100000,123621.42,123717.85,123607.24,123616.24,0.83694
1759736400000,123616.23,123616.24,123362.28,123405.98,0.0868
1759736700000,123405.98,123465.24,123312.23,123350.01,0.42853
1759737000000,123350.0,123399.38,123322.38,123341.11,1.21664
1759737300000,123341.11,123412.77,123333.18,123403.33,0.39963
1759737600000,123403.32,123488.18,123390.46,123455.2,0.40126
1759737900000,123455.2,123600.39,123455.19,123600.39,1.77891
1759738200000,123600.39,123686.5,123515.83,123635.78,0.47164
1759738500000,123635.78,123662.35,123589.14,123592.16,1.42108
1759738800000,123592.17,123702.43,123592.16,123702.43,0.31321
1759739100000,123702.42,123770.0,123691.99,123759.99,1.09554
1759739400000,123760.0,123860.0,123759.99,123833.51,1.24534
1759739700000,123833.52,123839.08,123753.88,123797.75,2.00109
1759740000000,123797.75,123800.0,123675.4,123675.41,0.46277
1759740300000,123675.4,123821.22,123655.96,123774.52,1.35712
1759740600000,123774.52,123831.2,94900.0,123831.2,7.78607
1759740900000,123831.2,123879.07,123821.96,123846.55,6.10523
1759741200000,123846.56,123974.6,123830.0,123974.6,1.8015
1759741500000,123974.6,124032.19,123850.0,123958.95,0.87285
1759741800000,123958.96,124056.0,123922.4,123941.86,0.34153
1759742100000,123941.85,123948.71,123907.32,123929.09,1.09822
1759742400000,123929.1,123949.99,123839.07,123907.96,3.16525
1759742700000,123907.95,123928.97,123870.6,123896.98,0.10836
1759743000000,123896.99,123918.89,123876.91,123876.92,0.54668
1759743300000,123876.91,123908.17,123818.5,123857.26,0.34293
1759743600000,123857.27,123882.96,123810.55,123810.56,0.28888
1759743900000,123810.55,123869.03,123780.56,123816.99,1.49101
1759744200000,123816.99,124071.85,123808.52,123916.66,0.33926
1759744500000,123916.65,124015.96,123916.65,123955.3,2.07311
1759744800000,123955.29,124095.62,123955.29,124014.14,0.67157
1759745100000,124014.15,124040.0,123915.92,123947.91,0.30089
1759745400000,123947.91,124002.43,123910.93,123955.86,1.99386
1759745700000,123955.86,123957.71,123926.46,123951.31,1.47892
1759746000000,123951.31,124046.86,123951.3,124045.75,2.26515
1759746300000,124045.75,124106.95,124045.74,124088.09,0.85751
1759746600000,124088.08,124107.19,124028.26,124080.0,0.71049
1759746900000,124080.0,124090.0,124051.38,124056.73,0.20934
1759747200000,124056.74,124090.0,124051.38,124077.58,0.07808
1759747500000,124077.58,124089.98,124070.53,124072.36,0.16282
1759747800000,124072.37,124142.85,124072.36,124107.46,0.62094
1759748100000,124107.46,124107.46,123986.75,123986.76,1.49882
1759748400000,123986.75,123986.76,123816.77,123927.08,1.95307
1759748700000,123927.07,123987.65,123844.2,123844.2,0.64986
1759749000000,123844.2,123854.84,123791.74,123791.74,0.29462
1759749300000,123791.74,123915.56,123759.92,123907.27,2.18343
1759749600000,123907.28,123955.09,123865.9,123942.38,0.44141
1759749900000,123942.37,124401.47,123928.56,124329.77,1.31348
1759750200000,124329.77,124495.7,124132.24,124179.99,1.61453
1759750500000,124180.0,124248.29,124087.84,124248.28,1.722
1759750800000,124248.29,124346.82,124014.26,124318.47,1.50289
1759751100000,124318.48,124404.81,124209.98,124209.99,1.38518
1759751400000,124209.98,124294.18,124195.96,124195.96,1.01273
1759751700000,124195.97,124246.0,124195.96,124221.95,1.29317
1759752000000,124221.95,124408.69,124178.0,124367.56,1.7991
1759752300000,124367.55,124500.0,124305.3,124499.99,1.11902
1759752600000,124500.0,124509.25,124424.8,124424.8,0.71261
1759752900000,124424.81,124667.8,124424.8,124667.79,1.696
1759753200000,124667.8,124680.29,124569.18,124582.92,0.23007
1759753500000,124582.93,124582.93,124382.19,124382.2,0.67178
1759753800000,124382.19,124456.67,124374.33,124432.0,0.42717
1759754100000,124432.01,124458.12,124300.0,124327.05,0.94826
1759754400000,124327.05,124350.0,124265.0,124343.99,0.51551
1759754700000,124343.98,124509.89,124325.96,124509.89,0.54285
1759755000000,124509.89,124587.65,124509.88,124538.12,1.47191
1759755300000,124538.12,124578.64,124514.5,124556.64,0.41257
1759755600000,124556.65,124619.67,124556.64,124569.45,1.51078
1759755900000,124569.46,124728.06,124563.3,124700.0,0.45355
1759756200000,124700.01,124801.27,124618.3,124693.9,0.45639
1759756500000,124693.9,124709.7,124556.64,124709.69,1.44753
1759756800000,124709.7,124858.0,124709.69,124818.53,1.32176
1759757100000,124818.54,124924.05,124812.05,124818.52,0.45567
1759757400000,124818.53,124860.29,124408.29,124666.83,3.9235
1759757700000,124408.29,124831.01,124408.29,124820.0,1.66775
1759758000000,124820.0,124928.01,124455.71,124556.02,1.71578
1759758300000,124556.01,124636.01,124393.89,124593.23,1.08232
1759758600000,124593.22,124728.88,124330.0,124675.71,1.06653
1759758900000,124675.72,125061.94,124675.71,125031.33,1.98779
1759759200000,125031.34,125119.46,124915.34,124984.7,1.07555
1759759500000,124984.71,125308.96,124950.22,125259.77,2.1325
1759759800000,125259.76,125300.0,124917.43,124943.59,2.61511
1759760100000,124943.59,125318.42,123781.98,124975.31,2.41221
1759760400000,124975.32,124982.36,124634.84,124634.84,1.3544
1759760700000,124634.85,124928.82,124586.56,124889.1,0.78802
1759761000000,124889.1,125059.22,124868.36,125001.58,0.93209
1759761300000,125001.58,125031.69,124888.65,124888.65,0.48856
1759761600000,124888.66,124888.66,124635.99,124753.97,0.598
1759761900000,124753.97,124975.93,123781.98,124864.44,1.14742
1759762200000,124864.42,124864.44,124621.49,124621.49,0.44708
1759762500000,124621.5,124621.5,124260.17,124505.52,0.55382
1759762800000,124505.52,124683.86,124505.52,124672.67,1.60746
1759763100000,124672.67,124724.83,124617.27,124651.79,0.5211
1759763400000,124651.79,124738.9,124615.23,124724.01,0.5816
1759763700000,124724.02,125050.0,124724.01,125050.0,0.43766
1759764000000,125050.0,125385.31,125040.49,125265.91,4.14182
1759764300000,125265.91,125509.4,125156.05,125191.47,0.89012
1759764600000,125191.48,125192.36,124989.02,125077.3,0.93651
1759764900000,125077.3,125279.24,125029.29,125127.09,0.47021
1759765200000,125127.09,125185.16,125055.31,125082.27,2.67294
1759765500000,125082.27,125127.16,125000.0,125127.16,0.622
1759765800000,125127.16,125237.47,125127.15,125165.53,1.74202
1759766100000,125165.54,125212.0,125000.0,125000.0,0.76384
1759766400000,125000.0,125044.55,124917.71,124917.72,0.88183
1759766700000,124917.71,125072.66,124839.09,124878.49,1.00392
1759767000000,124878.48,124892.07,124800.0,124848.37,0.51086
1759767300000,124848.38,124986.34,124848.37,124986.33,0.34034
1759767600000,124986.33,125000.0,124858.24,124875.59,1.44969
1759767900000,124887.02,124994.09,124850.0,124898.99,0.64449
1759768200000,124892.4,125042.2,124892.4,125003.62,3.76167
1759768500000,125003.62,125198.96,124988.68,125198.96,0.43966
1759768800000,125198.95,125235.0,125099.37,125204.18,0.27682
1759769100000,125204.17,125233.75,125202.71,125208.25,1.40106
1759769400000,125208.25,125239.0,125109.79,125233.23,0.47132
1759769700000,125233.22,125476.29,125233.22,125476.29,0.99342
1759770000000,125476.28,125476.29,125358.59,125423.25,0.78301
1759770300000,125423.25,125580.99,125383.9,125577.01,1.04372
1759770600000,125577.02,125623.74,125346.83,125440.6,0.89179
1759770900000,125440.59,125523.55,125405.0,125486.09,0.88594
1759771200000,125486.09,125800.0,125486.02,125772.6,2.84912
1759771500000,125772.6,125800.18,125537.56,125653.98,2.19301
1759771800000,125653.99,125782.13,125316.1,125316.1,1.85683
1759772100000,125316.11,125326.0,125129.22,125223.48,1.17985
1759772400000,125223.49,125275.42,125133.0,125182.27,0.97612
1759772700000,125182.27,125251.44,125140.0,125245.92,0.51283
1759773000000,125245.93,125471.4,125241.19,125401.85,1.99604
1759773300000,125401.85,125401.86,125284.0,125284.01,0.86573
1759773600000,125284.0,125284.01,125044.46,125118.21,2.17328
1759773900000,125118.22,125295.21,125118.21,125196.01,0.78808
1759774200000,125196.01,125270.0,125165.87,125243.0,0.6082
1759774500000,125243.0,125358.01,125243.0,125342.43,0.48622
1759774800000,125342.42,125362.5,125239.8,125250.89,0.28994
1759775100000,125250.89,125250.9,125134.7,125208.73,1.61751
1759775400000,125208.74,125400.0,125200.92,125344.15,0.90088
1759775700000,125344.15,125415.31,125331.82,125358.34,0.38719
1759776000000,125358.35,125448.95,125314.87,125448.95,0.5419
1759776300000,125448.95,125730.0,125448.94,125729.99,1.34092
1759776600000,125730.0,125931.82,125729.99,125919.41,6.21728
1759776900000,125919.41,126195.41,125919.41,126034.28,1.28496
1759777200000,126034.28,126100.02,125697.98,125793.99,1.5814
1759777500000,125794.0,125911.71,125698.35,125780.79,0.81103
1759777800000,125780.79,125780.79,125648.01,125648.02,0.53374
1759778100000,125648.01,125701.99,125430.81,125610.68,1.47471
1759778400000,125610.68,125680.6,125480.0,125680.6,0.52606
1759778700000,125680.6,125864.78,125669.31,125669.32,0.96104
1759779000000,125669.31,125760.0,125623.65,125671.99,0.59987
1759779300000,125671.99,125672.0,125462.55,125462.56,1.67014
1759779600000,125462.55,125462.56,125266.09,125366.65,2.21779
1759779900000,125366.64,125495.59,125280.0,125386.58,1.59962
1759780200000,125386.58,125409.57,125300.1,125319.38,0.53725
1759780500000,125319.38,125419.32,125319.36,125402.52,0.38376
1759780800000,125402.52,125402.53,125316.16,125322.56,0.77772
1759781100000,125322.55,125510.0,125322.55,125442.01,0.59768
1759781400000,125442.02,125486.0,125365.15,125379.64,0.40357
1759781700000,125379.64,125379.64,125125.78,125202.77,1.06047
1759782000000,125202.76,125205.12,125093.65,125117.68,0.37897
1759782300000,125117.67,125181.97,125051.89,125137.47,0.50387
1759782600000,125137.47,125313.54,125090.0,125302.66,2.38419
1759782900000,125302.65,125325.09,125242.92,125252.07,0.96011
1759783200000,125252.07,125252.07,125200.0,125200.01,0.17119
1759783500000,125200.0,125280.0,125171.55,125265.73,0.50524
1759783800000,125265.74,125300.0,125027.26,125212.13,1.47176
1759784100000,125212.12,125236.52,125211.02,125211.03,0.2857
1759784400000,125211.03,125268.5,125180.29,125180.29,0.29477
1759784700000,125180.29,125180.3,125124.79,125131.15,0.51021
1759785000000,125131.14,125150.0,124447.98,125070.38,0.97505
1759785300000,125070.39,125070.39,124884.51,124884.51,0.30506
1759785600000,124884.51,125201.04,124527.65,124762.01,0.8085
1759785900000,124762.01,125007.48,124744.07,124744.08,0.46113
1759786200000,124744.07,125149.53,124665.31,124665.32,1.28727
1759786500000,124665.32,124988.99,124654.6,124902.01,2.76614
1759786800000,124902.02,126212.76,124902.01,125002.35,1.60087
1759787100000,125002.35,125002.35,124938.82,124938.82,0.26904
1759787400000,124938.83,124938.83,124890.93,124890.94,0.24249
1759787700000,124890.94,125168.38,124890.93,125097.84,0.38267
1759788000000,125097.85,126606.11,125090.01,125273.67,4.30553
1759788300000,125273.68,125273.68,125016.5,125082.28,1.49956
1759788600000,125082.28,125184.7,125076.96,125161.11,0.28979
1759788900000,125161.12,125256.6,125161.11,125256.59,0.28597
1759789200000,125256.6,125270.1,125170.94,125178.6,1.33842
1759789500000,125178.59,125193.11,125154.81,125175.54,0.35293
1759789800000,125175.55,125181.83,125027.26,125032.02,0.61512
1759790100000,125032.01,125053.96,124890.17,124918.05,0.67366
1759790400000,124918.06,124918.06,124789.98,124890.31,1.79256
1759790700000,124890.31,125007.45,124890.3,124935.99,0.82894
1759791000000,124936.0,125086.03,124928.3,125086.03,0.47703
1759791300000,125086.03,125106.22,125000.0,125029.99,0.51891
1759791600000,125030.0,125100.0,125000.0,125000.0,0.28334
1759791900000,125000.01,125000.01,124878.86,124946.98,0.45948
1759792200000,124946.98,124956.0,124868.36,124868.37,0.40642
1759792500000,124868.36,124868.37,124784.41,124825.0,0.40971
1759792800000,124824.99,124825.0,124692.49,124736.0,0.41893
1759793100000,124736.01,124862.45,124736.0,124846.4,0.48077
1759793400000,124846.39,124862.45,124804.87,124804.88,2.15588
1759793700000,124804.87,124812.0,123781.98,124769.07,0.54301
1759794000000,124769.08,124839.37,124769.07,124808.34,0.54875
1759794300000,124808.34,124808.34,124670.73,124758.66,0.77707
1759794600000,124758.66,124776.74,124711.99,124734.92,0.39599
1759794900000,124734.93,124740.0,124703.25,124715.56,0.40994
1759795200000,124715.55,124775.96,124635.6,124695.85,0.65695
1759795500000,124695.85,124805.91,124687.21,124739.34,1.42219
1759795800000,124739.34,125038.01,124693.18,124768.05,1.40351
1759796100000,124768.05,124831.85,124716.22,124831.84,0.65141
1759796400000,124831.84,124840.15,124654.46,124654.47,1.5551
1759796700000,124663.79,124722.61,124654.46,124697.11,0.47964
1759797000000,124697.11,124749.66,124614.02,124720.47,1.02253
1759797300000,124720.46,124725.58,124643.27,124643.27,0.46407
1759797600000,124643.26,124859.8,124643.26,124859.79,2.20163
1759797900000,124859.8,124897.26,124773.61,124887.83,1.50008
1759798200000,124887.84,124920.0,124848.51,124901.49,0.60067
1759798500000,124901.48,124906.26,124887.13,124906.26,0.26177
1759798800000,124906.26,124975.32,124878.79,124955.03,2.08249
1759799100000,124955.04,124989.42,124926.01,124989.42,0.3008
1759799400000,124989.41,125050.11,124892.77,124892.78,4.61929
1759799700000,124892.78,124892.78,124614.69,124614.69,0.93333
1759800000000,124614.69,124614.7,124453.27,124546.11,1.54907
1759800300000,124546.1,124713.98,124515.09,124713.97,2.20431
1759800600000,124713.97,124898.57,124557.94,124579.85,0.68905
1759800900000,124579.85,124652.01,124572.14,124645.27,0.31868
1759801200000,124645.28,124791.66,124645.27,124780.0,0.24164
1759801500000,124779.99,124780.0,124579.24,124614.0,0.2397
1759801800000,124613.99,124630.18,124579.24,124614.57,0.47654
1759802100000,124614.56,124700.0,124614.56,124700.0,0.23442
1759802400000,124699.99,124700.0,124582.28,124652.88,0.25615
1759802700000,124652.87,124674.4,124579.24,124598.39,0.32819
1759803000000,124598.39,124661.96,124576.31,124576.31,0.46708
1759803300000,124576.3,124602.79,124500.0,124510.21,0.49998
1759803600000,124510.21,126212.76,124194.07,124449.92,1.90848
1759803900000,124449.93,124576.87,124449.92,124560.11,0.29728
1759804200000,124560.11,124617.85,124544.62,124544.63,0.73623
1759804500000,124544.62,124544.63,124408.0,124460.26,0.31603
1759804800000,124460.27,124478.29,124398.65,124462.78,0.14382
1759805100000,124462.78,124529.98,124422.1,124422.1,0.24652
1759805400000,124422.1,124514.01,124422.1,124427.35,0.51879
1759805700000,124427.35,124427.36,124279.8,124279.8,0.18162
1759806000000,124279.81,124717.21,124279.8,124413.63,0.56803
1759806300000,124413.63,124413.64,124307.07,124357.66,0.25973
1759806600000,124357.67,124568.44,124357.66,124515.9,2.1214
1759806900000,124515.91,124515.91,124293.32,124366.15,0.50016
1759807200000,124366.14,124400.0,124193.74,124193.75,0.49563
1759807500000,124193.75,124447.98,124143.99,124152.08,0.66029
1759807800000,124152.07,124211.48,124132.8,124200.94,0.52114
1759808100000,124200.95,124294.35,124183.61,124252.01,0.3023
1759808400000,124252.0,124284.0,124237.83,124268.54,1.08379
1759808700000,124268.55,124312.01,124259.62,124259.63,0.2595
1759809000000,124259.63,124311.08,124246.23,124296.34,0.12939
1759809300000,124296.35,124327.59,124296.34,124317.08,0.3377
1759809600000,124317.09,124317.09,124208.01,124245.86,0.1563
1759809900000,124245.87,124276.92,124186.03,124198.5,0.46566
1759810200000,124198.49,124238.67,124140.86,124175.3,0.53675
1759810500000,124175.3,124177.51,124109.1,124126.63,0.58728
1759810800000,124126.62,124260.0,124117.59,124260.0,1.3681
1759811100000,124259.99,124424.01,124259.99,124424.01,4.3799
1759811400000,124424.0,124559.06,124398.96,124500.0,5.47091
1759811700000,124500.0,124633.86,124499.99,124628.76,1.23771
1759812000000,124628.76,124628.76,124529.73,124573.53,5.10113
1759812300000,124573.53,126523.61,124524.84,124535.0,1.48179
1759812600000,124534.99,124589.37,124520.0,124560.32,0.48207
1759812900000,124560.32,124574.54,124451.28,124499.99,0.35101
1759813200000,124499.99,124524.44,124361.34,124361.34,0.89896
1759813500000,124361.34,124486.0,124270.5,124435.53,1.19539
1759813800000,124435.52,124523.5,124435.52,124480.0,2.3173
1759814100000,124480.0,124480.01,124309.26,124379.76,0.42141
1759814400000,124379.75,124490.02,124379.75,124482.91,1.43168
1759814700000,124472.4,124567.04,124450.86,124473.11,0.29083
1759815000000,124473.1,124507.66,124441.32,124491.4,0.69782
1759815300000,124491.39,124590.31,124484.33,124590.3,1.25803
1759815600000,124590.31,124640.76,124309.26,124548.57,2.88897
1759815900000,124544.48,124568.6,124392.0,124392.01,0.64155
1759816200000,124392.0,124621.2,124300.01,124358.98,1.12012
1759816500000,124358.98,124414.18,124324.3,124414.17,0.3108
1759816800000,124414.17,124454.16,124390.02,124419.0,0.27269
1759817100000,124419.0,124460.0,124346.13,124459.99,0.26014
1759817400000,124459.99,124460.0,124340.0,124340.0,0.41925
1759817700000,124309.12,124325.87,124235.84,124240.0,0.40901
1759818000000,124240.01,124260.92,124102.0,124102.0,0.46626
1759818300000,124102.0,124102.01,123901.85,123901.86,0.75987
1759818600000,123901.85,124051.93,123895.68,124009.35,0.95996
1759818900000,124009.35,124209.15,123815.01,123950.01,3.34774
1759819200000,123950.0,124209.15,123810.05,123871.48,1.66795
1759819500000,123871.47,123946.17,123822.99,123946.17,0.4587
1759819800000,123946.17,123992.83,123892.84,123972.51,0.79779
1759820100000,123972.51,123972.51,123890.83,123890.84,1.4106
1759820400000,123890.84,123950.0,123886.12,123931.99,0.54354
1759820700000,123932.0,124086.78,123904.59,123904.59,0.32884
1759821000000,123900.01,123945.14,123826.53,123833.11,0.37605
1759821300000,123833.11,123833.12,123658.93,123760.11,1.51037
1759821600000,123760.1,123847.19,123734.41,123784.84,0.44334
1759821900000,123784.83,123839.92,123737.12,123839.92,0.63414
1759822200000,123839.91,123839.92,123750.0,123781.44,1.09809
1759822500000,123781.44,123781.45,123643.97,123678.29,0.38981
1759822800000,123673.9,123724.0,123579.0,123688.98,0.43999
1759823100000,123688.97,123690.41,123374.42,123660.29,2.72381
1759823400000,123660.28,123687.58,123632.22,123686.5,0.05703
1759823700000,123686.49,123686.5,123603.72,123667.99,0.47468
1759824000000,123667.99,123668.0,123562.73,123583.2,0.33046
1759824300000,123583.19,123668.54,123524.0,123668.54,0.25658
1759824600000,123668.53,123694.52,123318.08,123550.73,2.8181
1759824900000,123550.72,123617.86,123446.0,123446.01,2.87933
1759825200000,123446.0,123500.0,123325.63,123500.0,0.68103
1759825500000,123500.0,123708.52,123499.99,123627.69,1.49933
1759825800000,123627.69,124120.27,123450.07,123453.6,2.37021
1759826100000,123449.34,123721.94,123449.21,123719.02,0.62923
1759826400000,123729.57,125043.14,123712.15,123804.35,2.7051
1759826700000,123804.36,123882.35,123773.91,123882.35,2.46638
1759827000000,123882.35,124083.11,123821.22,123999.98,8.5614
1759827300000,123999.98,123999.98,123854.82,123854.82,1.52352
1759827600000,123852.55,126477.67,123852.55,123963.01,2.11274
1759827900000,123963.01,124027.98,123963.0,124027.97,2.60162
1759828200000,124027.98,124168.36,123999.99,124138.82,1.67386
1759828500000,124138.82,124164.69,124030.0,124030.0,1.28275
1759828800000,124033.4,124100.0,124010.13,124069.84,0.65673
1759829100000,124069.85,124121.7,124050.46,124109.06,0.41362
1759829400000,124109.06,124210.0,124109.05,124154.11,0.58601
1759829700000,124154.11,124244.15,124125.01,124142.68,1.5504
1759830000000,124142.68,124142.68,124096.42,124111.6,0.57092
1759830300000,124096.43,124126.51,124084.58,124118.56,0.41954
1759830600000,124118.56,124183.34,123887.04,124183.34,1.53391
1759830900000,124183.34,124188.84,124117.48,124117.48,0.31263
1759831200000,124117.48,124117.49,124020.0,124062.02,1.35905
1759831500000,124062.01,124180.0,124045.75,124180.0,0.31409
1759831800000,124180.0,124832.53,124179.99,124360.04,3.69427
1759832100000,124360.05,124360.05,124240.01,124324.71,2.05673
1759832400000,124324.71,124409.09,124300.0,124300.01,2.32525
1759832700000,124282.43,124316.15,124267.59,124267.59,1.2779
1759833000000,124267.59,124370.0,124225.91,124370.0,0.61409
1759833300000,124370.0,124370.0,124320.0,124320.0,0.64582
1759833600000,124302.01,124318.04,124235.19,124310.22,0.5016
1759833900000,124310.22,124310.23,124252.15,124305.46,0.47305
1759834200000,124305.45,124350.0,124254.76,124269.76,0.59898
1759834500000,124269.75,124282.19,124262.38,124282.19,0.51476
1759834800000,124282.18,124282.19,124198.02,124258.92,0.90531
1759835100000,124258.92,124322.96,124258.92,124274.91,0.36483
1759835400000,124274.9,124287.59,124181.62,124199.92,0.2915
1759835700000,124181.24,124300.0,124179.99,124285.54,0.36213
1759836000000,124285.55,124370.0,124285.55,124293.8,1.86323
1759836300000,124293.81,124395.53,124293.81,124388.68,0.28671
1759836600000,124388.68,124478.0,124388.67,124459.81,2.35609
1759836900000,124455.47,124455.47,124195.52,124331.71,0.63835
1759837200000,124328.37,124400.06,124328.36,124366.87,0.09119
1759837500000,124366.88,124966.86,124366.87,124462.29,1.08069
1759837800000,124462.3,124503.94,124432.79,124499.96,0.29944
1759838100000,124499.96,124509.6,124431.25,124446.08,1.48152
1759838400000,124453.38,124453.38,124414.91,124437.88,1.39031
1759838700000,124437.89,124509.23,124416.09,124493.02,0.43771
1759839000000,124493.03,124502.01,124432.14,124441.03,0.66236
1759839300000,124441.03,124453.71,124365.15,124451.04,2.92997
1759839600000,124451.04,124500.0,124424.47,124424.47,0.50509
1759839900000,124424.47,124432.81,124390.28,124432.8,0.65734
1759840200000,124437.99,124478.51,124350.23,124470.41,1.02165
1759840500000,124470.42,124572.5,124444.42,124572.5,1.35173
1759840800000,124572.5,124590.38,124520.71,124590.38,2.27763
1759841100000,124590.38,124966.86,124590.37,124883.74,5.89905
1759841400000,124904.5,124926.76,124824.59,124926.76,0.83802
1759841700000,124926.76,125095.77,124898.76,124918.0,5.03674
1759842000000,124918.0,125046.16,124783.82,124826.44,7.10024
1759842300000,124826.45,124866.47,124739.92,124866.47,1.61566
1759842600000,124866.48,124868.37,124742.81,124742.81,1.40671
1759842900000,124742.8,124742.81,124643.4,124643.41,1.4371
1759843200000,124650.14,124761.42,124641.0,124677.63,5.51103
1759843500000,124677.62,124883.74,124677.62,124804.13,7.05083
1759843800000,124804.13,124804.15,124500.04,124657.28,8.4145
1759844100000,124657.28,124717.36,124230.99,124309.5,5.75347
1759844400000,124309.5,124309.51,123732.87,123732.87,5.31529
1759844700000,123732.87,123732.88,123399.99,123647.13,5.19937
1759845000000,123647.13,123783.86,123512.99,123570.0,1.26791
1759845300000,123570.0,123936.65,123570.0,123909.0,2.6707
1759845600000,123909.0,123909.01,123480.66,123481.57,1.97589
1759845900000,123462.58,123486.44,123007.3,123073.59,2.11357
1759846200000,123088.36,123114.2,122779.85,122825.78,4.36113
1759846500000,122825.77,123078.88,122819.37,122976.01,1.51918
1759846800000,122981.85,123296.01,122981.85,123139.49,1.5759
1759847100000,123131.69,123131.69,122878.76,122878.76,1.41208
1759847400000,122881.97,123130.43,122743.84,122981.96,1.21925
1759847700000,122997.29,122997.29,122698.33,122701.14,1.16203
1759848000000,122725.37,122775.39,122595.63,122764.48,1.63974
1759848300000,122764.47,126523.61,122764.47,122815.99,2.62324
1759848600000,122815.98,122815.99,122597.37,122651.83,1.15484
1759848900000,122674.29,122771.33,122602.36,122725.36,0.54653
1759849200000,122725.35,122851.05,122581.68,122612.64,1.14439
1759849500000,122628.83,122628.84,121733.0,121733.0,3.16926
1759849800000,121733.0,122222.38,121695.9,121950.45,2.19909
1759850100000,121950.44,122312.96,121852.16,122189.04,2.46255
1759850400000,122189.05,122356.32,122189.04,122263.99,1.38048
1759850700000,122263.99,122372.5,122076.62,122113.64,1.87205
1759851000000,122079.96,122180.0,121837.5,121871.24,2.42318
1759851300000,121871.24,122005.0,121466.56,121466.56,2.20049
1759851600000,121466.57,121847.28,121277.64,121658.7,2.79231
1759851900000,121658.7,121697.8,121400.13,121490.52,1.58039
1759852200000,121490.53,121556.01,121335.02,121454.13,3.41631
1759852500000,121454.13,121863.25,94900.0,121861.46,3.04273
1759852800000,121861.46,121861.46,121704.95,121704.95,2.93826
1759853100000,121704.96,121728.45,121428.02,121620.18,1.62883
1759853400000,121650.35,121707.08,121512.72,121512.72,1.25475
1759853700000,121531.67,121646.0,121518.63,121612.18,1.0204
1759854000000,121595.84,121595.85,121089.25,121089.26,2.54397
1759854300000,121061.33,121284.73,120954.48,121133.37,3.68908
1759854600000,121133.36,121523.37,121133.36,121472.78,1.60021
1759854900000,121500.01,121822.59,121418.02,121758.01,1.57259
1759855200000,121758.01,121834.0,121705.58,121763.39,2.16441
1759855500000,121763.39,122044.31,121763.38,122044.01,3.59691
1759855800000,122044.02,122052.38,121870.98,121870.98,1.53471
1759856100000,121891.08,121891.08,121638.57,121684.16,2.34736
1759856400000,121684.17,121822.57,121630.41,121763.73,1.17603
1759856700000,121744.84,121745.27,121549.94,121549.94,1.32267
1759857000000,121549.93,121601.61,121370.84,121504.8,2.43204
1759857300000,121491.44,121550.0,121290.19,121290.19,1.25145
1759857600000,121290.18,121406.73,121290.18,121347.29,1.46142
1759857900000,121347.29,121502.49,121222.84,121295.55,1.49925
1759858200000,121295.55,121457.34,121295.55,121417.99,0.9372
1759858500000,121417.99,121565.0,121205.91,121315.0,1.50748
1759858800000,121327.18,121406.3,121302.77,121406.3,1.19766
1759859100000,121406.31,121589.36,121406.3,121487.82,5.50495
1759859400000,121487.83,125999.49,120415.0,121167.26,6.00773
1759859700000,121167.26,121268.6,121120.31,121130.02,2.52123
1759860000000,121130.01,121147.98,120900.0,120965.05,1.46382
1759860300000,120965.04,121149.8,120861.45,121094.85,2.71346
1759860600000,121093.22,121306.13,121093.21,121183.42,1.23008
1759860900000,121183.41,121217.64,120987.89,121030.65,1.21038
1759861200000,121030.64,121030.65,120865.98,120899.99,1.05588
1759861500000,120909.37,120909.38,120591.94,120729.95,1.90941
1759861800000,120747.5,120906.82,120734.8,120789.08,2.41165
1759862100000,120789.09,120803.17,120684.11,120696.03,0.75583
1759862400000,120696.02,120824.2,120626.33,120811.11,0.73619
1759862700000,120811.1,120897.61,120774.37,120875.86,1.60904
1759863000000,120875.87,120984.21,120808.3,120833.48,2.44587
1759863300000,120833.48,120952.08,120809.59,120895.37,1.65935
1759863600000,120895.38,121327.01,120863.19,121242.67,8.0494
1759863900000,121242.66,121528.61,121242.66,121499.66,4.35903
1759864200000,121524.01,121524.01,121390.29,121447.25,1.23955
1759864500000,121447.25,121587.4,121408.78,121413.54,3.76875
1759864800000,121413.55,121413.55,121340.95,121399.99,1.22285
1759865100000,121399.98,121399.99,121254.48,121270.0,1.71996
1759865400000,121270.0,121515.0,121270.0,121493.03,2.7023
1759865700000,121493.04,121532.57,121315.0,121458.0,1.82913
1759866000000,121458.01,121541.97,121371.36,121381.77,0.88223
1759866300000,121381.78,121571.58,121371.81,121571.58,1.0678
1759866600000,121571.57,122014.68,121571.57,121747.72,5.29455
1759866900000,121745.22,121750.01,121581.38,121604.37,1.21106
1759867200000,121604.36,122030.5,121604.36,122030.5,1.52121
1759867500000,122030.49,122093.34,121972.66,122066.7,0.89929
1759867800000,122066.7,122150.0,121984.5,122030.49,1.81964
1759868100000,122042.95,122080.16,121953.91,122013.68,2.82295
1759868400000,122013.68,122115.87,121983.17,122030.49,1.27883
1759868700000,122030.5,122184.92,122030.49,122174.84,3.28001
1759869000000,122196.47,123449.21,122158.72,122170.82,0.83882
1759869300000,122170.82,122178.32,122079.3,122079.3,0.71516
1759869600000,122079.31,122113.35,122030.49,122072.07,0.53887
1759869900000,122072.07,122193.08,122072.07,122193.07,1.41643
1759870200000,122193.08,122193.08,122145.31,122145.31,0.35038
1759870500000,122145.31,122145.32,121907.86,121907.86,1.26922
1759870800000,121907.86,121993.16,121765.9,121993.15,4.14744
1759871100000,121993.16,122145.7,121953.03,122145.7,0.54799
1759871400000,122145.7,122180.0,121992.26,121992.26,0.90221
1759871700000,121992.27,123449.21,121992.26,122156.57,0.69437
1759872000000,122156.57,122156.58,122071.99,122138.39,0.50008
1759872300000,122138.4,126120.85,122138.39,122248.2,3.38824
1759872600000,122248.2,122248.21,122021.28,122133.43,2.92726
1759872900000,122133.44,122133.44,121957.66,122056.11,0.83136
1759873200000,122056.11,122056.12,121827.21,122018.54,1.52509
1759873500000,122018.54,122018.55,120315.0,121822.6,2.56887
1759873800000,121822.6,121860.16,121822.59,121846.74,1.68107
1759874100000,121846.73,122074.96,121837.1,122016.0,0.71751
1759874400000,122016.0,122016.0,121918.05,121937.72,0.70095
1759874700000,121937.73,121964.71,121834.77,121834.78,0.78797
1759875000000,121834.78,122046.01,121797.6,122046.0,1.2885
1759875300000,122046.01,122173.5,121988.84,122094.81,1.03724
1759875600000,122094.81,122118.58,122025.4,122025.4,0.66228
1759875900000,122025.41,122028.94,121880.37,121923.12,1.47329
1759876200000,121916.72,122047.37,121916.72,122047.37,0.44037
1759876500000,122047.37,122047.37,121854.49,121854.49,1.00586
1759876800000,121854.49,121935.97,121823.58,121901.59,0.76269
1759877100000,121901.58,121947.45,121901.58,121939.88,0.2396
1759877400000,121944.45,121979.56,121926.04,121926.05,0.65805
1759877700000,121936.73,122011.18,121936.73,122011.18,0.51962
1759878000000,122011.18,122022.88,121861.49,121861.5,0.73065
1759878300000,121861.5,121971.51,121850.0,121850.0,0.88491
1759878600000,121841.25,121841.26,121772.33,121801.41,0.49133
1759878900000,121801.4,121851.5,121694.1,121703.93,0.82631
1759879200000,121703.93,121728.7,121630.01,121630.01,1.07552
1759879500000,121630.0,121663.33,121587.92,121662.2,0.53986
1759879800000,121662.19,121662.2,121527.62,121537.99,0.98755
1759880100000,121537.98,121628.7,121489.18,121537.8,2.28482
1759880400000,121537.8,121588.58,121383.0,121465.0,2.22
1759880700000,121465.81,121510.94,121354.27,121354.27,2.64313
1759881000000,121354.27,121517.65,121348.22,121478.77,3.58219
1759881300000,121478.76,121493.37,121339.36,121339.36,1.09932
1759881600000,121332.96,121600.0,121332.95,121587.83,2.16546
1759881900000,121587.84,121587.84,121446.24,121446.72,2.58023
1759882200000,121487.61,121565.69,121475.12,121550.01,0.54142
1759882500000,121551.38,121789.37,121551.37,121766.93,6.11463
1759882800000,121766.94,121795.78,121702.41,121718.62,0.66253
1759883100000,121729.0,121750.01,121587.81,121587.81,0.67177
1759883400000,121587.81,121608.18,121326.65,121340.23,2.49011
1759883700000,121340.22,121662.14,121276.0,121662.14,1.14599
1759884000000,121662.14,121944.0,121662.14,121889.91,2.00416
1759884300000,121889.92,121971.21,121799.99,121971.2,2.82696
1759884600000,121977.8,122089.67,121977.79,121990.24,3.32444
1759884900000,121990.24,121990.24,121895.28,121914.08,1.46003
1759885200000,121914.08,121966.0,121799.74,121966.0,2.44591
1759885500000,121938.76,121988.26,121853.98,121953.69,1.1051
1759885800000,121979.18,121979.18,121676.56,121715.0,1.14887
1759886100000,121706.19,122028.63,121615.36,122028.63,1.21986
1759886400000,122036.0,122043.79,121926.53,121978.84,4.96194
1759886700000,121978.83,122004.37,121806.69,121833.44,1.92572
1759887000000,121833.45,121958.34,121785.82,121951.58,2.17254
1759887300000,121926.54,121938.96,121786.0,121839.0,0.70313
1759887600000,121828.55,121828.56,121665.0,121801.18,0.52432
1759887900000,121793.64,121903.79,121775.28,121903.79,0.65472
1759888200000,121903.78,121952.03,121896.17,121937.0,1.91796
1759888500000,121937.0,121955.5,121936.99,121950.0,0.11025
1759888800000,121950.01,121950.01,121825.74,121933.96,0.89676
1759889100000,121933.96,121950.0,121825.75,121876.0,0.64326
1759889400000,121882.56,121983.13,121875.99,121938.98,0.77809
1759889700000,121938.97,122153.77,121938.97,121997.06,2.56682
1759890000000,121997.05,122217.89,121997.05,122217.89,2.30523
1759890300000,122201.72,122229.66,122186.02,122186.02,1.35052
1759890600000,122186.02,122186.02,122105.0,122145.28,0.71883
1759890900000,122100.0,122100.01,121907.58,121907.58,0.69855
1759891200000,121907.58,121960.28,121870.94,121910.78,0.61934
1759891500000,121910.79,122000.0,121715.0,121953.01,0.89362
1759891800000,121971.75,122073.34,121971.75,122072.98,0.71742
1759892100000,122072.99,122090.56,122030.49,122059.36,0.29501
1759892400000,122058.0,122058.01,121839.9,121839.9,0.80277
1759892700000,121839.89,121841.75,121765.79,121774.15,0.45948
1759893000000,121788.23,121801.57,121728.93,121764.41,0.5982
1759893300000,121748.62,121821.07,121718.61,121781.88,1.78202
1759893600000,121781.87,121781.88,121520.85,121520.86,2.72911
1759893900000,121528.31,121561.39,121440.78,121465.0,1.15259
1759894200000,121453.5,121485.55,121336.93,121366.0,2.27588
1759894500000,121365.99,121455.83,121340.57,121357.0,2.09005
1759894800000,121357.0,121428.0,121314.0,121314.0,2.62196
1759895100000,121310.0,121389.3,121224.77,121371.57,0.68136
1759895400000,121371.57,121436.82,121237.98,121290.53,1.09381
1759895700000,121300.53,121392.01,121300.53,121374.76,0.75094
1759896000000,121374.75,121598.58,121319.33,121453.83,0.84632
1759896300000,121453.83,121473.72,121250.49,121257.32,2.27535
1759896600000,121250.5,121388.01,121116.99,121373.24,1.28943
1759896900000,121373.23,121573.5,121373.23,121573.49,3.18624
1759897200000,121573.5,121593.46,121444.57,121456.46,0.71242
1759897500000,121456.46,121471.38,121340.0,121471.38,1.17911
1759897800000,121471.37,121665.0,121471.37,121665.0,1.33356
1759898100000,121679.83,121781.84,121647.5,121647.5,1.7773
1759898400000,121647.51,121672.92,121508.62,121600.91,0.80583
1759898700000,121600.92,121761.4,121600.91,121761.4,1.13523
1759899000000,121761.41,121780.65,121710.13,121777.76,1.63509
1759899300000,121777.77,121910.24,121777.76,121910.22,1.91848
1759899600000,121900.0,121900.01,121613.76,121712.7,0.84942
1759899900000,121711.35,121782.02,121650.0,121782.02,0.92905
1759900200000,121782.02,121789.6,121704.02,121759.31,0.57347
1759900500000,121759.3,121776.95,121539.92,121539.92,0.76701
1759900800000,121555.1,121565.0,121376.06,121415.63,2.94606
1759901100000,121415.63,121415.63,121277.56,121393.23,0.59902
1759901400000,121393.23,121524.09,121391.41,121524.08,0.48501
1759901700000,121524.08,121536.5,121356.0,121434.92,0.67765
1759902000000,121434.93,121498.85,121337.48,121337.48,0.98981
1759902300000,121337.49,121337.49,121215.68,121221.47,2.02853
1759902600000,121228.07,121281.74,121173.86,121198.82,0.4193
1759902900000,121198.82,121374.02,121198.81,121374.02,2.00394
1759903200000,121374.01,121406.73,121254.7,121260.89,0.72232
1759903500000,121260.88,121260.89,121100.0,121113.36,0.39283
